InChiKey,SMILES,NF54_IC50_72h_1uM,NF54_50PercInh_LDH,NF54_50PercInh_LUM
WXNPYOXFQUYIOI-UHFFFAOYSA-N,FC(F)Oc1ccc(-c2nnc3cncc(Oc4ccc(Cl)cc4)n23)cc1,0.27291033,0.13077301,0.15502669
VIJBNSUMCSOTCB-UHFFFAOYSA-N,FC(F)Oc1ccc(-c2nnc3cncc(OCC4CCc5cc(Cl)ccc54)n23)cc1,0.35948086,0.18560423,0.13083927
PLMTYPFHNQBXCS-UHFFFAOYSA-N,FC(F)Oc1ccc(-c2nnc3cncc(OCCN4CCNCC4)n23)cc1,0.35758406,0.1840706,0.23738211
XGANTNHUKSSASO-UHFFFAOYSA-N,FC(F)Oc1ccc(-c2nnc3cncc(OCc4cccc5ccccc45)n23)cc1,0.31988665,0.1790525,0.09805521
UTIUAZFJLHTVFG-UHFFFAOYSA-N,FC(F)Oc1ccc(-c2nnc3cncc(Oc4ccccc4)n23)cc1,0.29208484,0.09851798,0.101848684
HMMAXUVKMPWCSS-UHFFFAOYSA-N,FC(F)Oc1ccc(-c2nnc3cncc(Oc4ccc5nc(C(F)(F)F)ncc5c4)n23)cc1,0.35459912,0.20155434,0.16473207
VMXSRABLXQMXLK-UHFFFAOYSA-N,FC(F)Oc1ccc(-c2nnc3cncc(OCCC4COC4)n23)cc1,0.30827156,0.13856791,0.06978098
MKSKANAVVSFYNL-UHFFFAOYSA-N,OCC(COc1cncc2nnc(-c3ccc(OC(F)F)cc3)n12)c1ccc(F)c(F)c1,0.3334454,0.26977533,0.11493932
KXCPLUGLCFKSCH-UHFFFAOYSA-N,FC(F)Oc1ccc(-c2nnc3cncc(Oc4cccc(Cl)c4)n23)cc1,0.2818257,0.09794317,0.13610263
FPATVVYYDYTPJA-UHFFFAOYSA-N,FC(F)Oc1ccc(-c2nnc3cncc(Oc4cccc(Oc5ccccn5)c4)n23)cc1,0.35149422,0.15790686,0.09805521
PERKBMZWWUEZNJ-SFHVURJKSA-N,CO[C@@H](COc1cncc2nnc(-c3ccc(C#N)cc3)n12)c1ccc(F)c(F)c1,0.2618481,0.18762326,0.1869411
VHKQNGVJPUDTLR-UHFFFAOYSA-N,FC(F)Oc1ccc(-c2nnc3cncc(OCCN4CCCCC4)n23)cc1,0.42450982,0.19398195,0.27438676
JMNZLRAAYWFJSK-UHFFFAOYSA-N,FC(F)Oc1ccc(-c2nnc3cncc(Oc4ccc(Cl)c(C(F)(F)F)c4)n23)cc1,0.28017166,0.12340763,0.16473207
NJZAMAPESVYMRZ-UHFFFAOYSA-N,Fc1cc2ccc(Oc3cncc4nnc(-c5ccc(OC(F)F)cc5)n34)cc2cc1F,0.31832388,0.19000441,0.15680692
CONUSWGEFVYDPG-UHFFFAOYSA-N,FC(F)Oc1ccc(-c2nnc3cncc(Oc4ccc(C(F)(F)F)cc4)n23)cc1,0.2707621,0.13418913,0.23093331
OJUVKHOEBUOJFA-UHFFFAOYSA-N,Fc1ccc(C2(COc3cncc4nnc(-c5ccc(OC(F)F)cc5)n34)COC2)cc1F,0.31952173,0.20033725,0.11874511
LWSXCRQHVHDFGX-UHFFFAOYSA-N,Fc1ccc(C(F)COc2cncc3nnc(-c4ccc(OC(F)F)cc4)n23)cc1F,0.28803608,0.17533115,0.11493932
ZOWPQULSJIFHAL-UHFFFAOYSA-N,CC(C)(C)c1ccc(Oc2cncc3nnc(-c4ccc(OC(F)F)cc4)n23)cc1,0.2707924,0.16710654,0.16508512
MTYMSRWFPISKOF-UHFFFAOYSA-N,Fc1ccc(C(COc2cncc3nnc(-c4ccc(OC(F)F)cc4)n23)N2CCOCC2)cc1F,0.29524347,0.2021763,0.19990094
INVOZROXGPLPEO-UHFFFAOYSA-N,FC(F)Oc1ccc(-c2nnc3cncc(Oc4ccc5ccc(C(F)(F)F)nc5c4)n23)cc1,0.3475424,0.23381135,0.16473207
FFDOLPKXJUAFAH-UHFFFAOYSA-N,Fc1ccc(N2CC(Oc3cncc4nnc(-c5ccc(OC(F)F)cc5)n34)C2)cc1F,0.28978872,0.19676852,0.15070258
OICXVTBHLZSJIW-UHFFFAOYSA-N,FC(F)Oc1ccc(-c2nnc3cncc(Oc4ccc5ccccc5c4)n23)cc1,0.29737568,0.18086958,0.09805521
ODZWUXZHRJYWIV-WFPSTGMVSA-N,FC(F)Oc1ccc(-c2nnc3cncc(OC[C@H]4C[C@@H]5C[C@@H]4[C@@H]4O[C@H]54)n23)cc1,0.37203556,0.20375687,0.06978098
NBSLUXDUMZFLCA-UHFFFAOYSA-N,CC(O)(COc1cncc2nnc(-c3ccc(OC(F)F)cc3)n12)c1ccc(F)c(F)c1,0.35614377,0.18185173,0.11493932
MHMDPQOWBHVFHN-UHFFFAOYSA-N,CC(F)(COc1cncc2nnc(-c3ccc(OC(F)F)cc3)n12)c1ccc(F)c(F)c1,0.349381,0.19358008,0.16602089
RXAWCKZPAXRRNE-UHFFFAOYSA-N,FC(F)Oc1ccc(-c2nnc3cncc(OCCC45C6C7C8C6C4C8C75)n23)cc1,0.33251372,0.13383482,0.09034856
VZIMTSNALAAOKI-UHFFFAOYSA-N,FC(F)Oc1ccc(-c2nnc3cncc(OCC(F)(F)F)n23)cc1,0.2613547,0.0884965,0.13106593
PXXUWBAUMUWHOT-UHFFFAOYSA-N,FC(F)Oc1ccc(-c2nnc3cncc(OCC45CC(C(F)F)(C4)C5)n23)cc1,0.33445033,0.13331431,0.13328232
AVBCIJLYABLIRW-UHFFFAOYSA-N,FC(F)Oc1ccc(-c2nnc3cncc(OCCc4ccccc4)n23)cc1,0.28117794,0.13770099,0.101848684
BXEWPSCIVPVASC-UHFFFAOYSA-N,OC(COc1cncc2nnc(-c3ccc(OC(F)F)cc3)n12)c1ccc(F)c(F)c1,0.27766705,0.23822728,0.11493932
YFUIAROYVNJDHR-KRWDZBQOSA-N,CN[C@@H](COc1cncc2nnc(-c3ccc(OC(F)F)cc3)n12)c1ccc(F)c(F)c1,0.3027785,0.19204469,0.14573096
PMIWBIXSAYKRGF-SFHVURJKSA-N,CN(C)[C@@H](COc1cncc2nnc(-c3ccc(OC(F)F)cc3)n12)c1ccc(F)c(F)c1,0.27884007,0.17541663,0.11493932
PLMTYPFHNQBXCS-UHFFFAOYSA-N,FC(F)Oc1ccc(-c2nnc3cncc(OCCN4CCNCC4)n23)cc1,0.35758406,0.1840706,0.23738211
PXXUWBAUMUWHOT-UHFFFAOYSA-N,FC(F)Oc1ccc(-c2nnc3cncc(OCC45CC(C(F)F)(C4)C5)n23)cc1,0.33445033,0.13331431,0.13328232
VHKQNGVJPUDTLR-UHFFFAOYSA-N,FC(F)Oc1ccc(-c2nnc3cncc(OCCN4CCCCC4)n23)cc1,0.42450982,0.19398195,0.27438676
VMXSRABLXQMXLK-UHFFFAOYSA-N,FC(F)Oc1ccc(-c2nnc3cncc(OCCC4COC4)n23)cc1,0.30827156,0.13856791,0.06978098
UTIUAZFJLHTVFG-UHFFFAOYSA-N,FC(F)Oc1ccc(-c2nnc3cncc(Oc4ccccc4)n23)cc1,0.29208484,0.09851798,0.101848684
CWOUGAWUCYKRFC-UHFFFAOYSA-N,FC(F)Oc1ccc(-c2nnc3cncc(OCCN4CC5(COC5)C4)n23)cc1,0.3285884,0.1830622,0.15335533
YXNHLRADFLNVIV-UHFFFAOYSA-N,CC(C)(C)Oc1ccc(-c2nnc3cncc(OCC(O)c4ccc(F)c(F)c4)n23)cc1,0.25477868,0.26026115,0.11493932
AVBCIJLYABLIRW-UHFFFAOYSA-N,FC(F)Oc1ccc(-c2nnc3cncc(OCCc4ccccc4)n23)cc1,0.28117794,0.13770099,0.101848684
ODZWUXZHRJYWIV-UHFFFAOYSA-N,FC(F)Oc1ccc(-c2nnc3cncc(OCC4CC5CC4C4OC54)n23)cc1,0.37203556,0.20375687,0.06978098
CBYPWHTZBGGIHQ-UHFFFAOYSA-N,FC(F)Oc1ccc(-c2nnc3cncc(OCCN4CCCC4)n23)cc1,0.40530923,0.17220144,0.27438676
IQWMJMCFKRFOAK-UHFFFAOYSA-N,CC(C)(C)OC(=O)N1CCN(CCOc2cncc3nnc(-c4ccc(OC(F)F)cc4)n23)CC1,0.3334925,0.05098851,0.21407208
RXAWCKZPAXRRNE-UHFFFAOYSA-N,FC(F)Oc1ccc(-c2nnc3cncc(OCCC45C6C7C8C6C4C8C75)n23)cc1,0.33251372,0.13383482,0.09034856
LPQFPIUFNNSFCQ-UHFFFAOYSA-N,C=1C=C(OC)C=CC=1C(COC2=CN=CC=3N2C(C4=CC=C(C=C4)OC(F)F)=NN=3)[H],0.27880722,0.17885949,0.1493144
RIPLGYUCRBPXPF-UHFFFAOYSA-N,N=1N=C(N2C=1C=NC=C2OCC3CC=4C=C(C(F)=CC=43)F)C5=CC=C(C=C5)OC(C)F,0.37040254,0.15426682,0.14036171
PXULDAVTCWXMHE-UHFFFAOYSA-N,FCC=1C=CC(C(OC)COC2=CN=CC=3N2C(=NN=3)C=4C=CC(=CC=4)OC(F)F)=CC=1Br,0.29891536,0.184918,0.26350805
DGMZXWGIDCWGGJ-UHFFFAOYSA-N,OC(COC=1N2C(=NN=C2C=NC=1)C=3C=CC(=CC=3)OC(F)F)C=4C=CC(=CC=4)OC(F)C,0.3003531,0.21738309,0.119299576
LPCOEWPXPWHEIV-UHFFFAOYSA-N,FCC1=C(CC1COC=2N3C(C=NC=2)=NN=C3C4=CC=C(C=C4)OC(F)F)C=C,0.36782223,0.16084209,0.11250689
YAVQZQNEBWQTKV-UHFFFAOYSA-N,C=1C=C(C=CC=1C2=NN=C3C=NC=C(N32)OCC4=CC=CC(=C4)C(C)(F)F)OC(F)F,0.34239188,0.15159068,0.14691179
TXNLWCBOVGTEDN-UHFFFAOYSA-N,C1=CC(C(OC)COC=2N3C(=NN=C3C=4C=CC(OC(F)F)=CC=4)C=NC=2)=CC=C1OC(F)NF,0.29206228,0.24301073,0.1493144
LXKPENHWUZUYDQ-UHFFFAOYSA-N,C=1C=C(C=2N3C(C=NC=C3OCC=4C=C(C=CC=4)C(F)(F)F)=NN=2)C=CC=1COC(F)F,0.31649524,0.18530898,0.14691179
LXSADGDQWLMHSV-UHFFFAOYSA-N,N=1N=C2C=NC=C(N2C=1C=3C=CC(OC(F)F)=CC=3)OC4C5=C(C4)C=C(F)C(F)=C5,0.34454948,0.17758468,0.14036171
GBZGFEMRCHEHOK-UHFFFAOYSA-N,C=1C(=CC=CC=1C(F)(F)C)OC=2N3C(C=NC=2)=NN=C3C=4C=CC(=CC=4)OC(F)F,0.31050235,0.09885765,0.14691179
WEVCDMSJGPNANZ-UHFFFAOYSA-N,C(C(F)F)(OC)COC=1N2C(=NN=C2C=NC=1)C3=CC=C(C=C3)OC(F)F,0.24660937,0.111954674,0.11402256
GFOVKZFJBMGDTF-UHFFFAOYSA-N,FC(C1=CC(COC2=CN=CC3=NN=C(N32)C4=CC=C(OC(F)F)C=C4)=CC=C1)F,0.29959857,0.20448208,0.101848684
VERBAXAWDNZRTI-UHFFFAOYSA-N,O(C1=CN=CC2=NN=C(N12)C3=CC=C(C=C3)OC(F)F)CCC=CCC(F)(F)F,0.30294237,0.17490888,0.13106593
GLAJHUWCIGYNQO-UHFFFAOYSA-N,C(C(OC)C=1C=CC(OC(F)F)=CC=1)OC2=CC=CC3=NN=C(N23)C4=CC=C(OC(F)F)C=C4,0.29722324,0.1918124,0.17695901
BRUOMFJLXNJJAS-UHFFFAOYSA-N,C=12C(CC=1C=C(C(F)=C2)F)COC3=CN=CC=4N3C(=NN=4)C5=CC6=C(C=C5)O6,0.2989203,0.12160273,0.12956169
LLDZDMJPPAIFTR-UHFFFAOYSA-N,FC(F)(F)N1C=CC=C(COC2=CN=CC=3N2C(C4=CC=C(C=C4)OC(F)F)=NN=3)C1,0.28291792,0.23377496,0.26966134
MGOWLAAGLLQGRL-UHFFFAOYSA-N,C(COC=1N2C(=NN=C2C=NC=1)CC[H])(OC)C=3C=CC(=CC=3)OC(F)F,0.19218074,0.21550576,0.08209189
NQYAMRGUINAGFA-UHFFFAOYSA-N,O(C(F)F)C=1C=CC(=CC=1)C2=NN=C3N2C(=CN=C3)OCC(C=4C=CC(OOCF)=CC=4)OC,0.33747715,0.24040133,0.1493144
BWRVVLFJDGUDQV-UHFFFAOYSA-N,C=1(C=CC(=CC=1)OC(F)F)C2=NN=C3C=NC=C(N32)OCC=C[H],0.29922995,0.11644784,0.09034856
DPBQVJUPZNDFEN-UHFFFAOYSA-N,C1=C(OCC(C2=CC=C(C=C2)OC(F)F)[O-1])N3C(=NN=C3C=N1)C4=CC=C(OC(F)F)C=C4,0.2689563,0.16181505,0.119299576
OXKIUSFEWJAURV-UHFFFAOYSA-N,C=1(OC(F)F)C=CC(C=2N3C(=NN=2)C=NC=C3OCC4=CC=CC(=C4)F)=CC=1,0.32679233,0.15050602,0.101848684
QOPTVVODQNUJGY-UHFFFAOYSA-N,C=1(C=CC(=CC=1)C=2N3C(OCC=4C=C(C(F)(F)F)C=CC=4)=CN=CC3=NN=2)CF,0.30727893,0.13543859,0.14691179
YRPAYYXRBVYHKV-UHFFFAOYSA-N,FC(OC1=CC=C(C=C1)C2=NN=C3C=NC=C(N32)OCC4=CC=CC(=C4)C(F)(F)F)S,0.345256,0.14001925,0.14691179
IAHWTDGACPAUGY-UHFFFAOYSA-N,C=1C=C(C=2N3C(=NN=2)C=NC=C3OCC(OC)C4=CC=C(C=C4)OC(F)F)C=CC=1SOC(F)F,0.30556837,0.22274046,0.1493144
NEHPONFBYDMCQQ-UHFFFAOYSA-N,C(CCCOC1=CN=CC2=NN=C(C3=CC=C(C=C3)OC(F)F)N12)(F)(F)F,0.28975895,0.1412665,0.13106593
PCYHEOJIWZQGGE-UHFFFAOYSA-N,C1=CC(=C=NC(COC=2N3C(C=NC=2)=NN=C3C=4C=CC(=CC=4)OC(F)F)=C1)C(F)(F)F,0.3185233,0.19128422,0.20570445
WBDRVMRRBUXWDX-UHFFFAOYSA-N,C(N1C(OCC=2C=C(C(F)(F)F)C=CC=2)=CN=CC1=NN=3)(C)=CC(=CC=3)OC(F)F,0.25694802,0.094042495,0.08381685
YETOHYIUCYAZGR-UHFFFAOYSA-N,N12C(=NN=C1C3=CC=C(OC(F)F)C=C3)C=NC=C2CC=4C(=CC=CC=4)C(F)(F)F,0.29836687,0.12465553,0.18448333
FLBGIGLMKWSMHE-UHFFFAOYSA-N,O(C)C1=CC=C(C=C1)C=2N3C(C=NC=C3OCC4=CC=CC=C4C(F)(F)F)=NN=2,0.2923853,0.14899562,0.14691179
XNUCXDYCJSLJJX-UHFFFAOYSA-N,C1=CC(C2=NN=C3N2C(OCC=4C=C(C(F)(F)F)C=CC=4)=CN=C3)=CC=C1OC(C)F,0.31706005,0.12853822,0.14691179
FJMVJRCNZONVRM-UHFFFAOYSA-N,N=1N=C2N(C=1C=3C=CC(OC(F)F)=CC=3)C(=CN=C2)OCC4=CC=CC=C4I,0.31242758,0.15737566,0.09672833
DQKFRAIIDJQUIY-UHFFFAOYSA-N,C1(=CN=CC=2N1C(C3=CC=C(C=C3)OC(F)F)=NN=2)OCCCC4=CC=C(C(=C4)F)F,0.32977974,0.2374437,0.11493932
FLPHMCGOZTZZAY-UHFFFAOYSA-N,C=1N=CC2=NN=C(C=3C=CC(OC(F)F)=CC=3)N2C=1OCCCl,0.29766583,0.10960963,0.09034856
AACPYVRPPRPVKF-UHFFFAOYSA-N,C=1C(OC(F)F)=CC=C(C2=NN=C3N2C(OCC4=CC=CC=C4C(F)(F)F)=CN=C3)C=1Br,0.3008634,0.12301054,0.17990755
CWRNMWQEYJBSKN-UHFFFAOYSA-N,C=1C=C(C=C(C=1)CCF)OC2=CN=CC3=NN=C(C4=CC=C(OC(F)F)C=C4)N32,0.2997337,0.1614572,0.101848684
GDKRUOSNZQBTDR-UHFFFAOYSA-N,C1=C(C(=CC=2C(COC=3N4C(C=NC=3)=NN=C4C=5C=CC(OC(F)=N)=CC=5)CC1=2)F)F,0.35480243,0.18180452,0.14036171
NSSOPIZZWNESEP-UHFFFAOYSA-N,COC(COC=1N2C(C=NC=1)=NN=C2C=3C=CC(OC(F)F)=CC=3)C=4C=CC(=CC=4)OCCF,0.31454426,0.2738568,0.1493144
COAANJQMXBULHS-UHFFFAOYSA-N,C1=CC(=CC(=C1)COC=2N3C(C4=CC=C(OC(F)F)C=C4)=NN=C3C=NC=2)CF,0.31460932,0.2203192,0.12083399
IRDGUGMQVIZQTQ-UHFFFAOYSA-N,N=1N=C2N(C=1C=3C=CC(OC(F)F)=CC=3)C(=CN=C2)OCC4=CC=CC=C4C(N)CF,0.32145324,0.2152127,0.10976846
IATLIFPYPKKVKQ-UHFFFAOYSA-N,N=1N=C2C=NC=C(OCC(O)CC3=CC=C(OC(F)F)C=C3)N2C=1C=4C=CC(OC(F)F)=CC=4,0.2933939,0.22192815,0.119299576
DRAUQERNEGIKMN-UHFFFAOYSA-N,C(CF)=CC1=CC(COC2=CN=CC3=NN=C(C4=CC=C(C=C4)OC(F)F)N23)=CC=C1F,0.33385912,0.19853836,0.11493932
GTSLCYQGGZTJIA-UHFFFAOYSA-N,C1=2C=NC=C(OCC3=CC=CC(=C34)C4F)N1C(C5=CC=C(OC(F)F)C=C5)=NN=2,0.35166332,0.19662772,0.09805521
UTTOHLSKDWATTJ-UHFFFAOYSA-N,FC(C=1C=CC(=CC=1)C=2N3C(=NN=2)C=NC=C3OCC4=CC=CC(=C4)C(F)F)F,0.2852427,0.21003449,0.101848684
ONBLZRDICIAVCN-UHFFFAOYSA-N,FC(F)OC=1C=CC(=CC=1)C(COC=2N3C(=NN=C3C=4C=CC(=CC=4)OC(F)F)C=NN=2)OC,0.30590633,0.1632509,0.1493144
PKLQAMCBMLVRGG-UHFFFAOYSA-N,C(F)(OCC=1N=CC(C=2N3C(=NN=2)C=NC=C3OCC4=CC=CC(=C4)C(F)(F)F)=CC=1)[H],0.27866712,0.1652163,0.1420821
CRXUGHRYHYCBPK-UHFFFAOYSA-N,N=1N=C(C2=CC=C(OC(F)F)C=C2)N3C=1C=NC=C3OSC4=CC=CC(C(F)(Cl)F)=C4,0.27770218,0.22023228,0.14691179
LNMIUNREXYWTLZ-UHFFFAOYSA-N,S=1C=CC(=CC=1)C2=NN=C3C=NC=C(OCC4=CC=CC(C(F)(F)F)=C4)N23,0.20960698,0.12177376,0.068296865
QRZVOTJGBRVXTF-UHFFFAOYSA-N,C(F)(COC1=CC=C(C=2N3C(C=NC=C3OCC=4C(C(F)(F)F)=CC=CC=4)=NN=2)C=C1)F,0.35483754,0.18188371,0.10567279
WLNFKWGTSLIMLL-UHFFFAOYSA-N,N1=C2N(C(C=3C=CC(=CC=3)OC(F)F)=N1)C(=CN=C2)NOCC=4C=C(C(F)(F)F)C=CC=4,0.3012539,0.09784919,0.14691179
QZKACBPKJWVDJM-UHFFFAOYSA-N,C1=CC(=CC=C1C2=NN=C3C=NC=C(OCC4C=5C=C(C(=CC=5C4)F)F)N23)OCCF,0.3921543,0.20125763,0.14036171
KTYSQAJTSBMLDV-UHFFFAOYSA-N,C1=C(C=CC(=C1)C2=NN=C3N2C(=CN=C3)OCF)OC(F)F,0.27981123,0.113812864,0.09034856
XMMVHSCEFMAGMG-UHFFFAOYSA-N,N12C(=NN=C1C3=CC=C(C=C3)OC(F)F)C=NC=C2OCC=4C=C(C=CC=4)C(F)N(F)F,0.3466187,0.19417512,0.13739637
AXPSBFXFWOGXHK-UHFFFAOYSA-N,C=1C(=CC=C(C=2N3C(=NN=2)C=NC=C3ONC(OC)C4=CC=C(C=C4)OC(F)F)C=1)OC(F)F,0.2811608,0.17375633,0.1493144
GWEFEEYJXPJWBO-UHFFFAOYSA-N,C=1C=CC=C(C(F)(F)F)C=1COC=2N3C(=NN=C3C=NC=2)C=4C=CC(=CC=4)NC(F)F,0.28047454,0.22426562,0.14691179
URQCYCJEWVMPBT-UHFFFAOYSA-N,C=1(C=CC(OC(F)F)=CC=1)C2=NN=C3C=NC=C(N32)OCCC=C(C(F)(F)F)F,0.3205857,0.16187479,0.13106593
UNSNGMIWFKQGJU-UHFFFAOYSA-N,C12=NN=C(C=3C=CC(OC(F)F)=CC=3)N1C(=CN=C2)OCC(OC)C4=CC=C(ON(F)F)C=C4,0.33022994,0.22706576,0.1493144
IJOUQWJNKYPCSK-UHFFFAOYSA-N,N=1N=C(N2C(=CN=CC2=1)OCC=3C=C(C=CC=3)C(F)(F)F)C4=CC=C(C=C4)OCC(F)F,0.35087097,0.15669091,0.10567279
UJNVUYOSZMYLTE-UHFFFAOYSA-N,C1=CC(OC(F)F)=CC=C1C=2N3C(=NN=2)C=NC=C3OCC4NC=5C=C(C(=CC=54)F)F,0.3557073,0.19830835,0.14036171
JVSNVMQSHCNAJT-UHFFFAOYSA-N,O(C(F)F)C1=CC=C(C=C1)C2=NN=C3C=CC=C(N23)OCC=4C=C(C(F)(F)F)C=CC=4,0.3344935,0.15314525,0.18369637
AEAJIIDEFJVBCP-UHFFFAOYSA-N,O(C)C(C1=CC=C(C=C1)OC(F)C)OC=2N3C(=NN=C3C=NC=2)C4=CC=C(C=C4)OC(F)F,0.2843758,0.16290398,0.1493144
MJHWFPRYEPAGKU-UHFFFAOYSA-N,C1=NC=C(OCC(OC)C2=CC=C(C=C2)OC(F)F)N3C1=NN=C3CC=CC(F)F,0.27792913,0.21693748,0.08209189
COLFJSIUHBQREZ-UHFFFAOYSA-N,C1=2N(C(OCC3CC4=C3C=C(F)C(=C4)F)=CN=C1)C(=NN=2)C5=CC=C(C=C5)ON(F)F,0.40061125,0.14998402,0.14036171
ICETZGAMWKRMKN-UHFFFAOYSA-N,C1(OC(F)F)=C(C=2N3C(=NN=2)C=NC=C3OCC(C4=CC=C(C=C4)OC(F)F)OC)C=C1,0.30907813,0.21802333,0.07669105
AQQQZTBOPUPREF-UHFFFAOYSA-N,N=1N=C2N(C(=CN=C2)OCC[H])C=1C=3C=CC(=CC=3)OC(F)F,0.26578936,0.12412351,0.09034856
DKKSKALGBACFKL-UHFFFAOYSA-N,C1=C(C2=NN=C3C=NC=C(N32)OCC4=CC=CC=C4C(F)(F)F)C=CC(=C1)OC(C)F,0.3162062,0.166745,0.14691179
NDWXLFQYNIMDRF-UHFFFAOYSA-N,C=1(C=CC(=CC=1)OC(F)F)C=2N3C(=CN=CC3=NN=2)OCC(OC)C=CC=COC(F)F,0.35235655,0.209407,0.11780204
RYDYBGPMRGVFOJ-UHFFFAOYSA-N,C1(=CN=CC2=NN=C(C=3N=CC(=CC=3)OC(F)F)N21)OCC=4C=C(C=CC=4)C(F)(F)F,0.3329098,0.087114744,0.07145918
UWDFXNMEGMPCRJ-UHFFFAOYSA-N,C=1(COC=2N3C(C=NC=2)=NN=C3C=4C=CC(=CC=4)OC(F)F)C=C(C(F)(F)F)C=CC=1S,0.2680415,0.14732562,0.16473207
NWHNMKZHRFSQJZ-UHFFFAOYSA-N,N1=CC(OC(F)F)=CC=C1C(OC)COC2=CN=CC3=NN=C(C4=CC=C(OC(F)F)C=C4)N32,0.31176227,0.17288113,0.23760532
MJZBCWVRKMGCIE-UHFFFAOYSA-N,C=1(C=2C=CC(OC(F)F)=CC=2)N3C(OCC=4C(=CC=NN=4)C(F)(F)F)=CN=CC3=NN=1,0.31633732,0.13382436,0.20925283
CHWYHYPSFKHYTF-UHFFFAOYSA-N,FC(OC=1C=CC(C=2N3C(=CN=CC3=NN=2)OCCC4=C(C)C=C(F)C(=C4)F)=CC=1)F,0.34517908,0.2173907,0.11557747
VXZMRUCXLKWDIE-UHFFFAOYSA-N,C(C=1C(=CC=CC=1)COC2=CN=CC3=NN=C(C4=CC=C(C=C4)OC(F)F)N23)(CF)COF,0.3194703,0.21305759,0.101848684
ONGCINKLSJJFAR-UHFFFAOYSA-N,C1(COC=2N3C(C4=CC=C(OC(F)F)C=C4)=NN=C3C=NC=2)=CC=CC(C(F)(F)F)=C1C,0.29141748,0.12030602,0.14170472
NSRJYXRXFJAZRO-UHFFFAOYSA-N,C1=2C=NC=C(N1C(=NN=2)C3=CC=C(OC(F)F)C=C3)OCC(C=4C=CC(=CC=4)OC(F)O)C,0.30519915,0.21668419,0.119299576
MSJZODVDCOMVNI-UHFFFAOYSA-N,C1(=NN=C2N1C(OCC=3C=C(C=CC=3)C(F)(F)F)=CN=C2)C=4C=CC(=CC=4)O,0.27161628,0.18104391,0.14691179
JMXDQACCIBOUBQ-UHFFFAOYSA-N,COC(C=1C=CC(=CC=1)OCF)OC2=CN=CC=3N2C(=NN=3)C4=CC=C(C=C4)OC(F)F,0.295479,0.15452875,0.1493144
FJXDSACKOCELOE-UHFFFAOYSA-N,FC(F)C1=CC=C(C=C1)C2=NN=C3N2C(OCC4=CC=CC=C4C(F)(F)F)=CN=C3,0.29874608,0.1752838,0.14691179
LWEBWQYBUNNTEA-UHFFFAOYSA-N,O(C1=CN=CC=2N1C(C=3C=CC(OCCF)=CC=3)=NN=2)CC(OC)C=4C=CC(OC(F)F)=CC=4,0.32647777,0.2663844,0.1493144
MRZLFOVFAWCLTK-UHFFFAOYSA-N,C=12N(C(=NN=1)C3=CC=C(C=C3)OC(F)F)C(OCC(CC4=CC=CO4)F)=CN=C2,0.31353858,0.20020717,0.13374
QQMYAJDWPMFHOB-UHFFFAOYSA-N,O(C(F)F)C1=CC=C(C=C1)C(OC=2N3C(C=4C=CC(OC(F)F)=CC=4)=NN=C3C=NC=2)OC,0.27539507,0.12598915,0.1493144
NJENJEGSQQUVBX-UHFFFAOYSA-N,C(F)OC1=CC=CC=C1C2=NN=C3C=NC=C(OCC4C=5C=C(F)C(F)=CC=5C4)N32,0.32153425,0.16524775,0.06758959
YAYRVCZCZOWSEN-UHFFFAOYSA-N,FC(C)(C=1C(COC2=CN=CC=3N2C(=NN=3)C4=CC=C(C=C4)OC(F)F)=CC=CC=1)F,0.341038,0.15893677,0.14691179
XEDGFZDMXHJURI-UHFFFAOYSA-N,C1(=CN=CC2=NN=C(N12)C3=CC=C(C=C3)OC(F)F)OCC4C=CO4,0.36447784,0.15747572,0.0751138
UUIITHGXXVRECJ-UHFFFAOYSA-N,C(OC=1C=CC(=CC=1)C(SC)COC2=CN=CC=3N2C(C=4C=CC(=CC=4)OC(F)F)=NN=3)(F)F,0.31566596,0.1669559,0.119299576
QLZYSYVLGFSAQT-UHFFFAOYSA-N,C=12CC(COC3=CN=CC=4N3C(C=5C=CC(=CC=5)OC(F)F)=NN=4)C=1C=C2F,0.3714932,0.123380385,0.10710646
MHFMICNOKLMYQN-UHFFFAOYSA-N,O(C(F)F)C1=CC=C(C=C1)C=2N3C(=NN=2)C=NC=C3OC=4C=C(C(F)(F)F)C=CC=4,0.2827149,0.09162568,0.14691179
CAZXZACKUSVRDC-UHFFFAOYSA-N,C1(=CC=C(OC(F)F)C=C1)C2=NN=C3N2C(=CN=C3)OCC(OC)I,0.31843543,0.117769584,0.11402256
BXASMNIUBFHGOA-UHFFFAOYSA-N,C(C1C2=C(C=C(C(F)=C2)F)C1)OC3=CN=NC4=NN=C(C=5C=CC(OC(F)F)=CC=5)N34,0.35401192,0.14754406,0.10318645
BSBCEIQSDLKVRW-UHFFFAOYSA-N,C(F)(F)OC1=CC=C(C=2N3C(=NN=2)C=NC=C3OCC=4C=C(C(F)(F)F)C=CC=4)C=C1Br,0.3121491,0.25973943,0.14170219
NVYVDZPAWWFDKA-UHFFFAOYSA-N,COCC(C=1C=CC(=CC=1)OC(F)F)COC2=CN=CC3=NN=C(N32)C=4C=CC(OC(F)F)=CC=4,0.29606992,0.23277558,0.1493144
ZZCSIWPRRHNHSZ-UHFFFAOYSA-N,N12C(C=NC=C1OCC(OC)C=3C=CC(NC(F)F)=CC=3)=NN=C2C4=CC=C(OC(F)F)C=C4,0.27373558,0.2126056,0.1493144
LJUNSSUJQKMMKM-UHFFFAOYSA-N,N12C(OC3=CC=CC=C3OC(F)(F)F)=CN=CC1=NN=C2C4=CC=C(C=C4)OC(F)F,0.289228,0.122869186,0.14691179
QMKMDGVXBMEJEQ-UHFFFAOYSA-N,C=1C2=NN=C(N2C(=CN=1)OCC(C=3C=CC(OC(F)F)=CC=3)OC)C=4C=CC(=CC=4)OC(F)=O,0.22779915,0.1188123,0.11842431
ULTPFNVXBHGZLY-UHFFFAOYSA-N,C=1N=CC=2N(C=1OCC3=CC=CC(C(F)(F)F)=C3)C(=NN=2)C=CC4=C(C4)OC(F)F,0.3464114,0.035714008,0.04483903
HLYOOAFMOYCDKK-UHFFFAOYSA-N,C=12C=C2C=CC=1C3=NN=C4N3C(OCC(OC)C=5C=CC(=CC=5)OC(F)F)=CN=C4,0.2900816,0.19522922,0.08910477
IBDMWHNDLFNUGT-UHFFFAOYSA-N,C1(=CC=C(C=2N3C(=CN=CC3=NN=2)OCC4CC=5C=C(F)C(F)=CC=54)C=C1)OC,0.33490053,0.1410312,0.17462493
YLMVHCIUYDCTFC-UHFFFAOYSA-N,FC(F)OC=1C=CC(=C)C=1C2=NN=C3N2C(OCC=4C(C(F)(F)F)=CC=CC=4)=CN=C3,0.3302315,0.17271167,0.112597555
SWIWEBSCOPMLDP-UHFFFAOYSA-N,FC(F)OC=1C=CC(=CC=1)C(OC2=CN=CC3=NN=C(C=4C=CC(=CC=4)OC(F)F)N32)C,0.2938183,0.14280975,0.119299576
HFOLGHBGCZPVBJ-UHFFFAOYSA-N,C=1C=C(C=2N3C(=NN=2)C=NC=C3OCC4C=5C=C(Br)C(F)=CC=5C4)C=CC=1OC(F)F,0.38594887,0.16355221,0.19876026
AKSCNWYEFNAITP-UHFFFAOYSA-N,C=1=CCC=1C(OC)COC2=CN=CC3=NN=C(C4=CC=C(C=C4)OC(F)F)N32,0.24373445,0.14716701,0.13950822
ALJGQABGDBJSRF-UHFFFAOYSA-N,O(CCC(F)(F)F)C1=CN=CC=2N1C(=NN=2)C3=CC=C(C=C3)OC(F)F,0.2698154,0.11949648,0.13106593
LBIPNNIKRQFOPO-UHFFFAOYSA-N,C(F)(F)OC=1C=CC(C=2N3C(=CN=CC3=NN=2)OCC=4C=NC=CC=4C(F)(F)F)=CC=1,0.28904662,0.1880913,0.1706171
IRAJDSHHYUVCJN-UHFFFAOYSA-N,FC=1C(=CC=2CC(COC=3N4C(C=NC=3)=NN=C4C5=CC=C(OC(I)F)C=C5)C=2C=1)F,0.35661113,0.16602598,0.13344862
KFVCUNYOJWBKHO-UHFFFAOYSA-N,C=12CC(COC3=CN=CC4=NN=C(C=5C=CC(OC(F)F)=CC=5)N43)C=1C2F,0.36196032,0.13885196,0.11120691
CHZUWGWUJYUUFE-UHFFFAOYSA-N,C1(C=2C=C(C(F)=CC=2C1)F)C=3N4C(=NN=C4C=NC=3)C5=CC=C(OC(F)F)C=C5,0.27932057,0.15452483,0.21777639
CGNOAUPEUICRLV-UHFFFAOYSA-N,C=12C(CC=1C=C(F)C(=C2)F)COC3=CN=C4C=NN=C(N34)C5=CC=C(C=C5)OCF,0.36021593,0.16458665,0.1107682
VDIVLUYKALSKEA-UHFFFAOYSA-N,N=1C=C(OCC2=CC=CC=C2C(F)(F)F)N3C(C=1)=NN=C3C(OC(F)F)CBr,0.2688219,0.151479,0.06598631
PUEAWMJIHKZVSL-UHFFFAOYSA-N,C1(=NN=C2C=NC=C(OCC=3C=C(C=CC=3)C(F)(F)F)N21)C4=CC=CC=C4OC(F)F,0.2881808,0.12268827,0.090035155
OCVFCJVUPBXVBD-UHFFFAOYSA-N,C1(C2=NN=C3N2C(OCC(C4=CC=C(C=C4)OC(F)F)OC)=CN=C3)=CC=C(C=C1)OC(F)=SF,0.29007354,0.27171472,0.19778065
FNPBNMNUOSBVFO-UHFFFAOYSA-N,C1(OCC(OC)C2=CC=C(C=C2)OC(F)F)=CN=CC=3N1C(=NN=3)CC(F)F,0.22405902,0.20291346,0.067093164
NWQILMPVYDRLHT-UHFFFAOYSA-N,SC1=CC(OC(F)F)=CC=C1C2=NN=C3C=NC=C(N32)OCC4C=5C=C(C(F)=CC=5C4)F,0.29461196,0.15960294,0.07405954
QHWAKAOZIZKVAW-UHFFFAOYSA-N,C=1C=C(C=CC=1C=2N3C(=NN=2)C=NC=C3OCC4CC5=C4C=C(C(F)=C5)F)NOC(F)F,0.35394323,0.22488643,0.18143103
PXYDOYSEGBVQGJ-UHFFFAOYSA-N,C1C=2CC(COC=3N4C(=NN=C4C=NC=3)C=5C=CC(OC(F)F)=CC=5)C=2C=C1,0.35935983,0.21751738,0.12992007
YMRYCVIOVVOONL-UHFFFAOYSA-N,N1=CC=2N(C(OCC(C=3C=CC(=CC=3)OC(F)F)OC)=C1)C(=NN=2)F,0.20214248,0.19982202,0.08209189
YTJMLWDNKAKOFK-UHFFFAOYSA-N,O(C(F)F)C=1C=CC(=CC=1)C2=NN=C3N2C(=C)N=C3OCC(C4=CC=C(OC(F)F)C=C4)OC,0.32228124,0.14761013,0.13781597
LTMWRXLWNMKAJK-UHFFFAOYSA-N,O(C=1C=CC(C=2N3C(=NN=2)C=NC=C3OCC4C5=C(C=C(F)C(F)=C5)C4)=CC=1)CF,0.38994113,0.18645307,0.14036171
USKCAAKKEPLZLG-UHFFFAOYSA-N,C1(OC(F)F)=CC=C(C=C1)C=C(OC)COC=2N3C(=NN=C3C=4C=CC(OC(F)F)=CC=4)C=NC=2,0.33859295,0.2096299,0.1493144
JFBGVRAVAFZVHO-UHFFFAOYSA-N,C(F)C1=CC=C(C=C1)C=2N3C(=CN=CC3=NN=2)OCC4=CC=CC=C4C(F)(F)F,0.30613235,0.15431112,0.14691179
DQHUCVVVEKIUKO-UHFFFAOYSA-N,C=1C(=CC=C(C2=NN=C3C=NC=C(N32)OCC(OC)C=4C=CC(=CC=4)OC(F)F)C=1)OOC(C)F,0.29803813,0.23010233,0.1493144
SRMLMEXXCZOYFB-UHFFFAOYSA-N,C=1C=C(C=CC=1C2=NN=C3C=NC=C(OCC(C=4C=CC(OC(C)Cl)=CC=4)OC)N32)OC(F)F,0.32866544,0.22095075,0.1493144
RGVIGULMMYBHNZ-UHFFFAOYSA-N,O(C(F)F)C1=CC=C(C=C1)C2=NN=C3N2C(=CN=C3)OCC=4C(=CC=CC=4)SC(F)(F)F,0.3250378,0.17696398,0.14691179
ALEKPFGURPPIBJ-UHFFFAOYSA-N,C(C(ON)CC1=CC=C(OC(F)F)C=C1)OC=2N3C(=NN=C3C=NC=2)C=4C=CC(OC(F)F)=CC=4,0.3249372,0.20872602,0.12838237
WNBDFLORSLCYDG-UHFFFAOYSA-N,C1=C(C=CC(=C1)C=2N3C(=NN=2)C=NC=C3OCC(C=4C=CC(=CC=4)OC(F)C)OC)CF,0.30085889,0.22814842,0.1493144
HTHTXDYIYMNTLP-UHFFFAOYSA-N,C(F)(F)(F)CC=CC(COC1=CN=CC=2N1C(C=3C=CC(OC(F)F)=CC=3)=NN=2)C,0.28970358,0.15924326,0.13106593
KUZUHJQDXWIUKC-UHFFFAOYSA-N,C=1N=CC2=NN=C(N2C=1OCC(OC)C=3C=CC(OC(F)F)=NC=3)C4=CC=C(OC(F)F)C=C4,0.33416232,0.20545116,0.1682309
YMTWEFJUMAGQHM-UHFFFAOYSA-N,C=1(N2C(=NN=C2C=NC=1)C3=CC=C(C=C3)OC(F)F)OCC=4C(=CC=CC=4CF)CF,0.30570897,0.19651656,0.18678898
IVWHHGWOMOKTEU-UHFFFAOYSA-N,O(CC1=CN=CC=2N1C(C3=CC=C(C=C3)OC(F)F)=NN=2)CC=4C=C(C(F)(F)F)C=CC=4,0.2597467,0.14007692,0.14691179
OPKIQIYDUBVKEX-UHFFFAOYSA-N,N1=C(C=2C=CC(OC(F)F)=CC=2)N3C(=N1)C=NC=C3OCC=4C=C(C=CC=4)CCF,0.29694676,0.27592233,0.101848684
BKXJRRIXYBYKHX-UHFFFAOYSA-N,N1=CC2=NN=C(C=3C=CC(OC(F)F)=CC=3)N2C(=C1)OCC=4C=C(C=CC=4CF)CF,0.29916587,0.25495902,0.1693448
SGGRCAPGPGTMGZ-UHFFFAOYSA-N,C=1C=C(C(F)(F)F)C=CC=1COC2=CN=CC=3N2C(=NN=3)C4=CC=C(OC(F)F)C=C4,0.24694169,0.15762754,0.23093331
HAEPPTNIGKESEE-UHFFFAOYSA-N,C=1(OC(F)F)C=C(CC=1)C=2N3C(=NN=2)C=NC=C3OCC4=CC=CC(C(F)(F)F)=C4,0.3093515,0.14837685,0.071675725
GRAAKGRSARFQOF-UHFFFAOYSA-N,C=1(C=CC(=CC=1)OC(F)F)C2=NN=C3N2C(=CN=C3)ONCC4CC=5C=C(C(F)=CC=54)F,0.33954716,0.1678434,0.14036171
OOJXWCKVEMGNJM-UHFFFAOYSA-N,C=1(F)C(F)=NC=2CC(C=2C=1)COC=3N4C(=NN=C4C=5C=CC(OC(F)F)=CC=5)C=NC=3,0.37896928,0.16648273,0.10710646
XLCHKMHHLLTKSV-UHFFFAOYSA-N,N1=C(C2=CC=C(OC([H])F)C=C2)N3C(=N1)C=NC=C3OCC=4C=C(C=CC=4)C(F)F,0.33926362,0.2084218,0.101848684
ROSVVWGOSQYBBH-UHFFFAOYSA-N,COC(CCl)COC1=CN=CC2=NN=C(N21)C=3C=CC(OC(F)F)=CC=3,0.25380063,0.118102424,0.17700988
QFQVIHVFBZJAIO-UHFFFAOYSA-N,O(C=1C=CC(C(OC)COC=2N3C(C=NC=2)=NC=C3C4=CC=C(C=C4)OC(F)F)=CC=1)C(F)F,0.2599793,0.25541058,0.118092634
NJAHAXXRTURKMQ-UHFFFAOYSA-N,C1=C(N2C(C=N1)=NN=C2C3=CC=C(C=C3)OC(F)F)OCCF,0.26161113,0.1046324,0.09034856
QKZZNOHFLALZCN-UHFFFAOYSA-N,C=1(C=CC(OC(F)F)=CC=1)C=2N3C(=NN=2)C=NC=C3OCC=4C(C(F)(F)Br)=CC=CC=4,0.31028292,0.15239207,0.14691179
HUYWGKVZROKUMQ-UHFFFAOYSA-N,C1(=CN=CC2=NN=C(C=3C=CC(OC(F)F)=CC=3)N12)OCC=4C(=CC=CC=4)C(F)(F)CF,0.32567,0.1869404,0.14691179
WXTUICBGIRRILC-UHFFFAOYSA-N,O(C)C(COC=1N2C(C=NC=1)=NN=C2C=3C=CC(=CC=3)OC(F)F)C=CCOC(F)F,0.35225412,0.15309192,0.11402256
FICGUSPKFFHXAQ-UHFFFAOYSA-N,C1=CC(=CC(COC=2N3C(C=NC=2)=NN=C3C=4C=CC(=CC=4)OC[H])=C1)C(F)(F)F,0.28105947,0.11724707,0.14691179
VAUXILDNRQLRPZ-UHFFFAOYSA-N,O(CC=1C=C(C(F)(F)F)C=CC=1)C2=CN=CC=3N2C(C4=CC=C(OOCF)C=C4)=NN=3,0.36386395,0.14216666,0.14691179
ZIXLSXDQHKATAZ-UHFFFAOYSA-N,C1(=CN=CC2=NOPC3=CC=C(OC(F)F)C=C3N21)OCC4=CC=CC(C(F)(F)F)=C4,0.2899808,0.16103026,0.13726836
FSRNYJRSWWTJTK-UHFFFAOYSA-N,C=1C(OC(F)F)=CC=C(C=1)COCCOC=2N3C(C=NC=2)=NN=C3C=4C=CC(OC(F)F)=CC=4,0.3473373,0.18908446,0.119299576
CNXKYUPGVHDARL-UHFFFAOYSA-N,FC(C1=CC=C(C=2N3C(C=NC=C3OCC4=CC=CC(=C4)C(F)(F)F)=NN=2)C=C1)F,0.285484,0.15229915,0.14691179
RGXZGDLHJFWPGB-UHFFFAOYSA-N,C=1(C=C(C)C=1C(F)(F)F)OC=2N3C(C4=CC=C(C=C4)OC(F)F)=NN=C3C=NC=2,0.32468927,0.0888294,0.15409675
SSWFZUGHCKKXDK-UHFFFAOYSA-N,C1=C(C(F)(F)F)C=CC=C1COC2=CN=CC=3N2C(=NN=3)C4=CC=C(C=C4)OCCF,0.3676739,0.16492158,0.14691179
LNYILFWIMYRLLL-UHFFFAOYSA-N,N=1C=C(N2C(=NN=C2C=1)C=3C=CC(OC(F)F)=CC=3)OCC(C=4C=CC(=CC=4)C(F)O)C,0.29568547,0.20253234,0.119299576
QZPPZFYNAMIYTK-UHFFFAOYSA-N,N12C(OCC3=CC=CC=C3C(F)(F)F)=CN=CC1=NN=C2C4=CC=C(C=C4)OCF,0.3564256,0.17331149,0.14691179
ILRKTVFEHFISQM-UHFFFAOYSA-N,C1(=CC=CC(C(F)(F)F)=C1)COC=2N3C(=NN=C3C=NC=2)C=4C=CC(=CC=4)SOC(F)F,0.33139673,0.14543507,0.14691179
BDNUOXFLFWRJND-UHFFFAOYSA-N,O(C=1C=CC(=CC=1)C=2N3C(OCC4=CC=CC(C(F)(F)F)=C4)=CN=CC3=NN=2)CF,0.36043063,0.1468522,0.14691179
UPCIJFJZXPXNHK-UHFFFAOYSA-N,C(C=1N2C(=NN=1)C=NC=C2OCC(OC)C3=CC=C(OC(F)F)C=C3)C=CCC(F)F,0.27026147,0.2268307,0.067093164
CQQRJYKZLADRFV-UHFFFAOYSA-N,C(O)C(C1=CC=C(OC(F)F)C=C1)COC2=CN=CC=3N2C(C=4C=CC(=CC=4)OC(F)F)=NN=3,0.32599208,0.22326365,0.119299576
DRHYEAQRJXASDG-UHFFFAOYSA-N,C1=CC(C(F)F)=CC=C1C(CC)OC2=CN=CC=3N2C(=NN=3)C=4C=CC(OC(F)F)=CC=4,0.28448975,0.11983576,0.119299576
BAAJXOSOVGXHOF-UHFFFAOYSA-N,C1(=CC=C(OC(F)F)C1)C=2N3C(=NN=2)C=NC=C3OCC4=CC=CC(=C4)C(F)(F)F,0.29037008,0.13652168,0.136978
YYDJYFPRRBKJOK-UHFFFAOYSA-N,N12C(C=3C=CC(OC(F)F)=CC=3)=NN=C1C=NC=C2OC4=CC=CC=C4C(F)(F)F,0.3096428,0.09512113,0.14691179
VSPFNJMMKSYKJB-UHFFFAOYSA-N,C=1N=CC2=NN=C(C=3C=CC(OC(F)F)=CC=3)N2C=1OCC=4C(=CC=CC=4)C(C)F,0.28614864,0.17001383,0.101848684
PZGBRGZYEMZIDI-UHFFFAOYSA-N,C1(OC2=CN=CC3=NN=C(N23)C=4C=CC(=CC=4)OC(F)F)C5=C1C=C(C(F)=C5)F,0.2758056,0.1263744,0.14036171
LUIIKUWKSNOCGH-UHFFFAOYSA-N,N=1N=C(N2C(=CN=CC=12)OCC(SC=3C=CC(=CC=3)OCF)OC)C=4C=CC(=CC=4)OC(F)F,0.3354955,0.2738781,0.1493144
BFJHHAWVDNJNAZ-UHFFFAOYSA-N,C=1CCC=NCC(C=1F)COC=2N3C(C=4C=CC(OC(F)F)=CC=4)=NN=C3C=NC=2,0.38452706,0.24888523,0.119299576
WVKYUOGXQUDMGX-UHFFFAOYSA-N,O(C=1C=CC(=CC=1)C2=NN=C3C=NC=C(N32)OCC(OC)C4=CC=C(OC(F)F)CC4)C(F)F,0.31488106,0.21242149,0.1493144
ULTYQGSDKTZNTD-UHFFFAOYSA-N,C1=C(C=CC=2CC(C=21)CSOC=3N4C(C5=CC=C(C=C5)OC(F)F)=NN=C4C=NC=3)F,0.34464425,0.16371274,0.11493932
HZEBUWLYDGUEKD-UHFFFAOYSA-N,C(COC=1C=CC(=CC=1)C(OC)COC=2N3C(C=NC=2)=NN=C3C=4C=CC(=CC=4)OCF)F,0.3574862,0.26566333,0.1493144
VTTUWYVJJWPKCT-UHFFFAOYSA-N,O(CC(OC)CC=CCOC(F)F)C1=CN=CC=2N1C(C3=CC=C(OC(F)F)C=C3)=NN=2,0.36297476,0.20699461,0.11402256
KTSXTMMLPBBKBJ-UHFFFAOYSA-N,O(C1=CN=CC2=NN=C(N12)C=3C=CC(OC(F)F)=CC=3)CC4C=C(C)C(=C4)F,0.3433143,0.15992004,0.119299576
XOBDKXDEQDRMML-UHFFFAOYSA-N,N=1N=C2N(C=1C3=CC=C(OC(F)F)C=C3)C(=CN=C2)OCCC[H],0.27486357,0.12153051,0.09034856
JSPBTWLGHRENTA-UHFFFAOYSA-N,C1=CC(OC(F)F)=CC=C1C(COC=2N3C(=NN=C3C4=CC=C(OC(F)F)C=C4)C=NC=2)=O,0.24316235,0.104213715,0.09393329
PEQBQTREULWOCD-UHFFFAOYSA-N,C1(C=2C=CC(=CC=2)OC(F)F)=NN=C3C=NC=C(N13)OCC4=CC=CC=C4CCl,0.31218684,0.18492228,0.101848684
ONAORVFDMHSSPF-UHFFFAOYSA-N,FC(Oc0ccc(C(COc1n2c(-c3ccc(OC(F)F)cc3)nnc2cnc1)OC)cc0)F,0.29640594,0.20978647,0.1493144
NKHGWUOKFDJBFE-UHFFFAOYSA-N,c0c(F)c(F)cc1c0C(COc2ccc(-c3n4c(OCc5cccc(C(F)(F)F)c5)cncc4nn3)cc2)C1,0.38605067,0.18538143,0.22803736
PENQLESDIZJSPR-UHFFFAOYSA-N,C0(COc1cncc2nnc(-c3ccc(OC(F)F)cc3)n12)Cc1cc(F)c(F)cc10,0.36728594,0.15025383,0.14036171
JZQWOBLPBIKWTG-UHFFFAOYSA-N,c0cc(-c1nnc2n1c(OCc1c(C(F)(F)F)cccc1)cnc2)ccc0OC(F)F,0.32283235,0.1573225,0.14691179
RCTWRCWPGMLFLC-UHFFFAOYSA-N,c0(-c1ccc(OCC3c4cc(F)c(F)cc4C3)cc1)nnc1cncc(OCc2c(C(F)(F)F)cccc2)n01,0.41097206,0.22488338,0.22803736
DKPVTRRXIRTHFW-UHFFFAOYSA-N,C(F)(Oc0ccc(-c1n2c(OCc3cccc(C(F)(F)F)c3)cncc2nn1)cc0)F,0.31456682,0.13744012,0.14691179
ZISXKIDPXBNRPB-UHFFFAOYSA-N,C(F)(Oc0cncc1n0c(-c0ccc(OC(F)F)cc0)nn1)F,0.24052647,0.05034813,0.09034856
HRAZBSPUUVSWIC-UHFFFAOYSA-N,CC1=C(C(=O)OCC2=CN=CC(C(F)(F)F)=C2)N=NN1C3=CC=C(OC(F)F)C=C3,0.22959122,0.04251077,0.059008468
QPXQRGVEOORCLL-UHFFFAOYSA-N,CC1=C(C(=O)NCC2=CC=CC(C(F)(F)F)=C2)N=NN1C3=CC=C(OC(F)F)C=C3,0.22761121,0.06444977,0.075702466
RDCRNCJJZDVDOO-UHFFFAOYSA-N,FC(F)Oc1ccc(-c2nnc3cncc(-c4ccc(OC(F)F)nc4)n23)cc1,0.2980744,0.10874063,0.17815046
RYJQYSMMKBGKSI-UHFFFAOYSA-N,OC1=NCC(COc2cncc3nnc(-c4ccc(OC(F)F)cc4)n23)C1,0.28721192,0.14421304,0.11120691
GDVVRYUCJITHQY-UHFFFAOYSA-N,COC(=O)c1ccc(-c2nnc3cncc(OCc4ccccc4)n23)cc1,0.22036351,0.056988668,0.09534516
FLBGIGLMKWSMHE-UHFFFAOYSA-N,O(C)C1=CC=C(C=C1)C=2N3C(C=NC=C3OCC4=CC=CC=C4C(F)(F)F)=NN=2,0.2923853,0.14899562,0.14691179
NHRYNTCJDJDLJB-UHFFFAOYSA-N,FC(F)Oc1ccc(-c2nnc3cncc(-c4ccc(OC(F)F)c(OC(F)F)c4)n23)cc1,0.2856984,0.14574257,0.15279156
MJRBRIZBQIOZKU-UHFFFAOYSA-N,CCOCC(C)Oc1cncc2nnc(-c3ccc(OC(F)F)cc3)n12,0.2817339,0.15922143,0.09034856
URNAEJMDQLBGJL-UHFFFAOYSA-N,FC(F)Oc1ccc(-c2nnc3cncc(C(F)F)n23)cc1,0.2203536,0.051356427,0.09901201
MNPNKTVCKUHXKC-UHFFFAOYSA-N,FC(F)Oc1ccc(-c2nnc3cncc(Oc4ccc(OC(F)F)cn4)n23)cc1,0.33620292,0.070506014,0.119299576
PLIOFBSTWPXFGF-UHFFFAOYSA-N,FC(F)Oc1ccc(-c2nnc3ccc(OCc4cccc(C(F)(F)F)c4)cn23)cc1,0.31307593,0.15016791,0.18369637
ACAANZWGMROCTF-UHFFFAOYSA-N,FC(F)Oc1cncc2nnc(-c3ccc(OC(F)(F)F)cc3)n12,0.258126,0.072963126,0.13106593
KVJFSKSOBAEORQ-UHFFFAOYSA-N,CC(Oc1cncc2nnc(-c3ccc(OC(F)F)cc3)n12)C(=O)O,0.22207803,0.027131591,0.07064427
PUTBYIFJJDUFAH-UHFFFAOYSA-N,COC(=O)c1cncc2nnc(-c3ccc(OC(F)F)cc3)n12,0.19317852,0.025448382,0.089664094
PKBVEWPILLLDTK-UHFFFAOYSA-N,Cc1cccc(-c2nnc3cncc(OCc4cccc(OC(F)F)c4)n23)c1,0.2816859,0.12376963,0.06812905
YYITZVSCCXQBCA-UHFFFAOYSA-N,FC(F)Oc1ccc(-c2nnc3cncc(OC(OC(F)F)C4CC4)n23)cc1,0.27792847,0.09654696,0.09034856
FLGPAVXIXKUMNZ-UHFFFAOYSA-N,CC(COc1cncc2nnc(-c3ccc(OC(F)F)cc3)n12)N1CC2COC(=O)OC2C1,0.35284808,0.103842385,0.08993397
YDFNBYKBXUMZLX-UHFFFAOYSA-N,COc1ccc(-c2nnc3cncc(OCc4ccc(OC(F)F)cc4)n23)cn1,0.30578974,0.15472516,0.10985483
XIQMRNZZIOAREQ-UHFFFAOYSA-N,FC(F)Oc1ccc(-c2nnc3cncc(OCC4CC4c4ccc5ccccc5n4)n23)cc1,0.3746659,0.23088464,0.11642508
KAIGTCDLMGFXQC-UHFFFAOYSA-N,FC(F)Oc1ccc(-c2nnc3cncc(OCC4CC4c4ccccc4)n23)cc1,0.31631276,0.14261478,0.101848684
PMJYFCWBNCGDAB-UHFFFAOYSA-N,FC(F)(F)Oc1ccc(-c2nnc3cncc(OCC4CC4)n23)cc1,0.26291132,0.10689137,0.13106593
IBBMIMOVPGRVDH-UHFFFAOYSA-N,FC(F)Oc1ccc(-c2nnc3cncc(OCc4cccc(OC(F)F)c4)n23)cc1,0.30584803,0.12723248,0.101848684
ADXVWNUXKZFLTQ-UHFFFAOYSA-N,Fc1ccccc1COc1cncc2nnc(-c3ccc(OC(F)F)cc3)n12,0.28753433,0.1810723,0.101848684
DEBUCHYDVORPEW-UHFFFAOYSA-N,FC(F)COc1cncc2nnc(-c3ccc(OC(F)F)c(OC(F)F)c3)n12,0.24148795,0.11174131,0.056737687
MOCVNDMDCWRZFR-UHFFFAOYSA-N,FC(F)Oc1ccc(-c2nnc(-c3ccc(OCc4ccccc4C(F)(F)F)cc3)o2)cc1,0.28505078,0.12754615,0.17953941
ATBYRZIRTOCBBD-UHFFFAOYSA-N,O=C(Nc1cccnc1)Oc1cncc2nnc(-c3ccc(OC(F)F)cc3)n12,0.24587335,0.12376601,0.16034867
GUKQDKIQOCMTSQ-UHFFFAOYSA-N,FC(F)Oc1ccc(COc2cncc3nnc(-c4ccc(OC(F)F)cn4)n23)cc1,0.31591472,0.12072295,0.052928753
ZIAJRKRKCZKSPP-UHFFFAOYSA-N,FC(F)Oc1cccc(COc2cncc3nnc(-c4ccc(OC(F)F)nc4)n23)c1,0.30791658,0.136629,0.07725242
ICDBHMPWCVQYJN-UHFFFAOYSA-N,FC(F)Oc1ccc(-c2nnc3cncc(OCc4cc(OC(F)F)ccn4)n23)cc1,0.29329926,0.12268925,0.119299576
YGISRTLVRDMUQZ-UHFFFAOYSA-N,FC(F)Oc1ccc(COc2cncc3nnc(-c4ccc(OC(F)F)nc4)n23)cc1,0.27900976,0.1738613,0.0988966
DNIDFYXZNGCMNG-UHFFFAOYSA-N,FC(F)Oc1ccc(-c2nnc3cncc(OC4CCCC4)n23)cc1,0.24711262,0.14547554,0.09034856
JFDKUXGRRAWROG-UHFFFAOYSA-N,Fc1ccc2c(c1)CC2COc1cncc2nnc(-c3ccc(OC(F)F)cc3)n12,0.38822576,0.15896036,0.16211277
OSMPJRRAXHYTAU-UHFFFAOYSA-N,OC1COCC1Oc1ccc(-c2nnc3cncc(OCc4cccc(OC(F)F)c4)n23)cc1,0.3315028,0.17518622,0.07889019
SUPWYXOAQJZMHD-UHFFFAOYSA-N,FC(F)Oc1ccc(-c2nnc3cncc(N4CCOCC4)n23)cc1,0.25795984,0.08054539,0.06978098
KOBJNSVNRYDMQP-UHFFFAOYSA-N,COC(COc1ccc(-c2nnc3cncc(OCC4CC4)n23)cn1)c1ccc(OC(F)F)cc1,0.33399728,0.21148363,0.10985483
TWDOZOGPZKWKLG-UHFFFAOYSA-N,COCCOc1ccc(-c2nnc3cncc(OCc4ccc(OC(F)F)cc4)n23)cc1,0.32905963,0.18320808,0.1493144
FSMICJSYYRHNDO-UHFFFAOYSA-N,COc1ccc(C2CC2COc2cncc3nnc(-c4ccc(OC(F)F)cc4)n23)nc1,0.33460656,0.21269912,0.1493144
LRJMDYHPCCMKHE-UHFFFAOYSA-N,FC(F)Oc1ccc(-c2nnc3cnc4c(C(F)(F)F)cncc4n23)cc1,0.22767557,0.080289915,0.24917172
YCGMUBZJLDAHGQ-UHFFFAOYSA-N,FC(F)Oc1ccc(-c2nncc3nnc(-c4ccc(OC(F)F)cc4)n23)cc1,0.20590207,0.08249691,0.15833087
ISVPYRQDENWLMH-UHFFFAOYSA-N,FC(F)Oc1ccc(-c2nnc3cncc(OCCOc4ccc(C(F)(F)F)cc4)n23)cc1,0.29162994,0.17299533,0.23093331
WMPQBTRYQLGBQV-UHFFFAOYSA-N,CCOC(COc1cncc2nnc(-c3ccc(C(=O)OC(C)(C)C)cc3)n12)c1cccc(OC(F)F)c1,0.27788898,0.13248408,0.13349682
DGQSXBVRYJORFS-UHFFFAOYSA-N,FC(F)Oc1ccc(-c2nnc3cncc(OCc4ccc5c(c4)OCO5)n23)cc1,0.29107013,0.14382409,0.08932343
LXOFYEVTAKSGEZ-UHFFFAOYSA-N,CCOC(=O)COc1ccc(-c2nnc3cncc(OCc4ccccc4)n23)cc1,0.23263839,0.057033695,0.07521983
LYYGQQALDOQORG-UHFFFAOYSA-N,COc1ccc(COc2cncc3nnc(-c4ccc(OC(F)F)cc4)n23)cc1OC(F)F,0.32390067,0.17743501,0.14403655
KWHFHOWKCBPUSD-UHFFFAOYSA-N,FC(F)Oc1ccc(Oc2cncc3nnc(-c4ccc(OC(F)F)cc4)n23)cc1,0.2691915,0.12918963,0.119299576
AQQQZTBOPUPREF-UHFFFAOYSA-N,N=1N=C2N(C(=CN=C2)OCC[H])C=1C=3C=CC(=CC=3)OC(F)F,0.26578936,0.12412351,0.09034856
NWFYSGOHRQVYLL-UHFFFAOYSA-N,FC(F)Oc1ccc(CCOc2cncc3nnc(-c4ccc(OC(F)F)cc4)n23)cc1,0.29980168,0.17398737,0.119299576
WNWRZIWWXPXEPC-UHFFFAOYSA-N,Oc1ccc(-c2nnc3cncc(-c4ccc(OC(F)F)cc4)n23)cc1,0.18569466,0.14788517,0.15833087
AQDFSNDIQROFFA-UHFFFAOYSA-N,FC(F)Oc1ccc(COc2cncc3nnc(-c4ccc(OC(F)F)c(OC(F)F)c4)n23)cc1,0.28952956,0.17580105,0.09004569
YQSPKNNKGDCSIT-UHFFFAOYSA-N,COc1ccc(-c2nnc3cncc(OCc4cccc(OC(F)F)c4)n23)cc1,0.29254475,0.12880905,0.12811166
XINJHTWFDITEFE-UHFFFAOYSA-N,FC(F)Oc1ccc(-c2nnc3cncc(OCC4CCOCC4)n23)cc1,0.28351918,0.13546982,0.06978098
FICGUSPKFFHXAQ-UHFFFAOYSA-N,C1=CC(=CC(COC=2N3C(C=NC=2)=NN=C3C=4C=CC(=CC=4)OC[H])=C1)C(F)(F)F,0.28105947,0.11724707,0.14691179
DKPVTRRXIRTHFW-UHFFFAOYSA-N,C(F)(Oc0ccc(-c1n2c(OCc3cccc(C(F)(F)F)c3)cncc2nn1)cc0)F,0.31456682,0.13744012,0.14691179
FKHBQEOBGYKNOP-UHFFFAOYSA-N,COc1ccc(-c2nnc3cncc(OCCOc4ccc(OC(F)F)cc4)n23)cc1,0.28605354,0.17186116,0.1493144
XJWQTCMHFZNOHP-UHFFFAOYSA-N,Fc1ccc(-c2nnc3cncc(OCC4CC4c4ccc(OC(F)F)cc4)n23)cc1,0.3316155,0.16092284,0.119299576
LAOVQYIVDQPYHJ-UHFFFAOYSA-N,O=C(O)COc1ccc(-c2nnc3cncc(-c4ccc(OC(F)F)cc4)n23)cc1,0.22735578,0.051205106,0.12585144
YLGNGVYONHRNBJ-UHFFFAOYSA-N,FC(F)Oc1ccc(-c2nnc3cncc(C(F)(F)F)n23)cc1,0.19336903,0.0574393,0.13106593
BHCAOWNYTVGIBQ-UHFFFAOYSA-N,FC(F)Oc1ccc(-c2nnc3cncc(OCc4ccccc4)n23)cc1,0.28028384,0.124896,0.101848684
BOSBBRBJMYMCFZ-UHFFFAOYSA-N,Fc1ccccc1Oc1cncc2nnc(-c3ccc(OC(F)F)cc3)n12,0.27845407,0.093133904,0.101848684
XPNCHZNUHFVPBT-UHFFFAOYSA-N,COC(=O)c1ccc(OCCCOc2cncc3nnc(-c4ccc(OC(F)F)cc4)n23)cc1,0.29996797,0.09756258,0.11842431
ZDOOJKYEXZUJOG-UHFFFAOYSA-N,Fc1cccc(C(F)(F)F)c1COc1cncc2nnc(-c3ccc(OC(F)F)cc3)n12,0.29780683,0.15764162,0.18180509
ICVFATCSSXKKCS-UHFFFAOYSA-N,COC(=O)C1CC1COc1cncc2nnc(-c3ccc(OC(F)F)cc3)n12,0.27639484,0.053033005,0.10653381
WPJXPFVYLDAWAQ-UHFFFAOYSA-N,COC(COc1ccc(-c2nnc3cncc(OC(F)F)n23)cc1)c1ccccc1C(F)(F)F,0.3525352,0.10309925,0.15159492
SGGRCAPGPGTMGZ-UHFFFAOYSA-N,C=1C=C(C(F)(F)F)C=CC=1COC2=CN=CC=3N2C(=NN=3)C4=CC=C(OC(F)F)C=C4,0.24694169,0.15762754,0.23093331
PEMIDHNQCQQRBI-UHFFFAOYSA-N,FC(F)Oc1ccc(-c2nnc3cncc(OCC4CC4)n23)cc1,0.2818983,0.102340035,0.09034856
TVSKYZCRLRLBLO-UHFFFAOYSA-N,COC(COc1ncc(-c2nnc3cncc(OCC(F)F)n23)cc1C(F)(F)F)c1ccc(OC(F)F)cc1,0.27415976,0.2327471,0.116356015
DAACDXRHQVMCNS-UHFFFAOYSA-N,FC(F)Oc1ccc(-c2nnc3cncc(OCCOc4ccccc4OC(F)F)n23)cc1,0.36830628,0.18771571,0.101848684
PQZREKMJVGNWIO-UHFFFAOYSA-N,COc1ccc(-c2nnc3cncc(-c4ccc(OC(F)F)cc4)n23)cc1,0.18136138,0.11179097,0.15833087
XFVQCVWSFAACOS-UHFFFAOYSA-N,Fc1cccc(F)c1COc1cncc2nnc(-c3ccc(OC(F)F)cc3)n12,0.3003502,0.1392507,0.12764035
OQMWXDMZRBIBBR-UHFFFAOYSA-N,FC(F)Oc1cccc(COc2cncc3nnc(-c4ccc(OC(F)(F)F)cc4)n23)c1,0.31056264,0.15364446,0.14691179
JNXIVRNBQXEXCX-UHFFFAOYSA-N,COCCOc1cncc2nnc(-c3ccc(OC(F)F)cc3)n12,0.26959676,0.12798305,0.11402256
XGGRFPZVDBQCRX-UHFFFAOYSA-N,Fc1cc(-c2nnc3cncc(OCc4ccccc4)n23)ccc1OC(F)F,0.2554223,0.124763355,0.07384409
PABLJRBNMNYXNA-UHFFFAOYSA-N,CCOC(=O)c1cncc2nnc(-c3ccc(OC(F)F)cc3)n12,0.20181651,0.025580984,0.09902901
DEPSYKMVBIYBIU-UHFFFAOYSA-N,COc1cncc2nnc(-c3ccc(OC(F)F)cc3)n12,0.23653826,0.13252462,0.11402256
YSGYKWGOQACNLR-UHFFFAOYSA-N,FC(F)Oc1ccc(-c2nnc3c(C(F)(F)F)cc(OCc4ccccc4C(F)(F)F)cn23)cc1,0.27060983,0.16781837,0.14585285
YFPIDYAPTFIHAC-UHFFFAOYSA-N,Fc1ccc(COc2cncc3nnc(-c4ccc(OC(F)F)cc4)n23)c(F)c1,0.33984935,0.14519717,0.11493932
KLFWNLKDJXJARH-UHFFFAOYSA-N,FC(F)Oc1ccc(-c2nnc3cncc(OCc4ccncc4)n23)cc1,0.2755213,0.17391886,0.16378854
SSHAMNJZTOISIS-UHFFFAOYSA-N,Fc1cnccc1COc1cncc2nnc(-c3ccc(OC(F)F)cc3)n12,0.32574117,0.18387659,0.23517248
AHYOCMIYSAAKEE-UHFFFAOYSA-N,FC(F)Oc1ccc(-c2nnc3cncc(OC4CC4c4ccc(OC(F)F)cc4)n23)cc1,0.28292218,0.15302178,0.119299576
TZGDAQXTDGYMIK-UHFFFAOYSA-N,FC(F)Oc1ccc(-c2nnc3cccc(OCc4ncccc4C(F)(F)F)n23)cc1,0.32348448,0.15451409,0.18369637
GVSYGHJWNTUBSG-UHFFFAOYSA-N,FC(F)Oc1ccc(-c2nnc3cncc(-c4ccc(C(F)F)cn4)n23)cc1,0.22068803,0.11393779,0.119299576
IDPLBWVAKOMSKF-UHFFFAOYSA-N,O=C(O)COc1ccc(-c2nnc3cncc(OCc4ccccc4C(F)(F)F)n23)cc1,0.22776307,0.082896285,0.11645071
KCUWLFLTVIWGRQ-UHFFFAOYSA-N,COC(COc1ccc2nnc(-c3ccc(OC(F)F)cc3)n2c1)c1ccc(OC(F)F)cc1,0.23221955,0.21405871,0.17507885
RQOVAGLYEFXZIV-UHFFFAOYSA-N,Fc1ccc(-c2ccc(COc3cncc4nnc(-c5ccc(OC(F)F)cc5)n34)cc2)nc1,0.3002603,0.21865773,0.1767744
KUZUHJQDXWIUKC-UHFFFAOYSA-N,C=1N=CC2=NN=C(N2C=1OCC(OC)C=3C=CC(OC(F)F)=NC=3)C4=CC=C(OC(F)F)C=C4,0.33416232,0.20545116,0.1682309
ABOWWUGNYURLGX-UHFFFAOYSA-N,FC(F)COc1cncc2nnc(-c3ccc(OC(F)F)cc3)n12,0.24863312,0.09698711,0.09378597
MLELDENKEWNPDE-UHFFFAOYSA-N,FC(F)Oc1ccc(-c2nnc3cncc(-n4cccn4)n23)cc1,0.21832348,0.1252871,0.08258248
ALUOTLGFTHSIOO-UHFFFAOYSA-N,FC(F)Oc1ccc(-c2nnc3cncc(OCc4ccc(OC(F)F)cn4)n23)cc1,0.32254022,0.1444887,0.119299576
WXXJFWUHJNXLTM-UHFFFAOYSA-N,CC(C)OC(=O)Oc1ccc(-c2nnc3cncc(OCc4ccccc4)n23)cc1,0.21563472,0.06787112,0.07521983
VAZPCGWRHJMBCX-UHFFFAOYSA-N,COC(=O)COc1ccc(-c2nnc3cncc(OCc4ccc(OC(F)F)cc4)n23)cc1,0.26625615,0.0816452,0.11842431
ZISXKIDPXBNRPB-UHFFFAOYSA-N,C(F)(Oc0cncc1n0c(-c0ccc(OC(F)F)cc0)nn1)F,0.24052647,0.05034813,0.09034856
INKBPCKJOBYODB-UHFFFAOYSA-N,FC(F)Oc1ccc(OCc2cncc3nnc(-c4ccc(OC(F)F)cc4)n23)cc1,0.2110397,0.13810338,0.119299576
NHOTUCMFBNIAEW-UHFFFAOYSA-N,FC(F)Oc1ccc(COc2cncc3nnc(-c4ccccc4)n23)cc1,0.2563341,0.12654462,0.07384409
XMVLSIIBXUCEAR-UHFFFAOYSA-N,FC(F)Oc1ccc(-c2nnc3cncc(OCC4COCCO4)n23)cc1,0.249586,0.13781825,0.06978098
KEWJXVPCVHEGPW-UHFFFAOYSA-N,CC(C)OC(=O)c1cncc2nnc(-c3ccc(OC(F)F)cc3)n12,0.22237293,0.041222427,0.07064427
LZKKDTCYTAVFSL-UHFFFAOYSA-N,COC(COc1ccc(-c2nnc3cnc4ccncc4n23)cc1)c1ccc(OC(F)F)cc1,0.31521508,0.27850893,0.22767201
HEAMYESJMNMCFU-UHFFFAOYSA-N,FC(F)Oc1ccc(COc2cncc3nnc(-c4ccc(OC(F)F)cc4)n23)cc1,0.28549922,0.14817041,0.119299576
QOLKQYQCWQNQQK-UHFFFAOYSA-N,FOc1ccc(-c2nnc3cncc(OCc4ccccc4C(F)(F)F)n23)c(OC(F)F)c1,0.33161828,0.1568508,0.09321752
FLJDZZKAQILJDR-UHFFFAOYSA-N,FC(F)Oc1ccc(-c2nnc3cncc(OCCOc4ccc(OC(F)F)cn4)n23)cc1,0.35650358,0.14026932,0.119299576
CWXRUQUYBMIRSZ-UHFFFAOYSA-N,COC(COc1cncc2nnc(-c3ccc(OC(F)F)cc3)n12)c1ccccc1C(F)(F)F,0.2998475,0.1665988,0.15159492
ULLLFCWJWUKJIY-UHFFFAOYSA-N,Fc1ccc(COc2cccc3nnc(-c4ccc(OC(F)F)cc4)n23)cc1,0.30970505,0.13959126,0.17695901
PNNXRAKBUGUVQC-UHFFFAOYSA-N,COC(COc1cncc2nnc(-c3ccc(OC(F)F)cc3)n12)c1ccc(F)cc1,0.33470392,0.19802137,0.1493144
KJEVXFDVKIZIFW-UHFFFAOYSA-N,COc1ccc(-c2nnc3cncc(OCC(O)COc4ccc(OC(F)F)cc4)n23)cc1,0.3218256,0.2916862,0.1493144
JZQWOBLPBIKWTG-UHFFFAOYSA-N,c0cc(-c1nnc2n1c(OCc1c(C(F)(F)F)cccc1)cnc2)ccc0OC(F)F,0.32283235,0.1573225,0.14691179
AGPGQQYNCLEMPA-UHFFFAOYSA-N,FC(F)Oc1ccc(-c2nnc3cncc(OC4CCOCC4)n23)cc1,0.24391349,0.14043784,0.06978098
SHBWMHWMDXNYNL-UHFFFAOYSA-N,FC(F)Oc1ccc(-c2nnc3cncc(OCC4CC4c4ccc(OC(F)F)cc4)n23)cc1,0.32482955,0.14957057,0.119299576
CGAMHMMSNPTVBX-UHFFFAOYSA-N,COC(=O)COc1ccc(-c2cncc3nnc(-c4ccc(OC(F)F)cc4)n23)cc1,0.23808855,0.048826654,0.12585144
DGMWVXNOGGVAKJ-UHFFFAOYSA-N,Fc1ccc(COc2cncc3nnc(-c4ccc(OC(F)F)cc4)n23)cc1C(F)F,0.28694353,0.16764496,0.11493932
WYKVYSLKWQARCR-UHFFFAOYSA-N,O=C(CCc1cncc2nnc(-c3ccc(OC(F)F)cc3)n12)Nc1ccc(OC(F)F)cc1,0.2585425,0.06315138,0.09393329
