id,smiles,standard_smiles,model_score
eosi_1,FC(F)Oc1ccc(-c2nnc3cncc(Oc4ccc(Cl)cc4)n23)cc1,FC(F)Oc1ccc(-c2nnc3cncc(Oc4ccc(Cl)cc4)n23)cc1,26.635011673862902
eosi_2,FC(F)Oc1ccc(-c2nnc3cncc(OCC4CCc5cc(Cl)ccc54)n23)cc1,FC(F)Oc1ccc(-c2nnc3cncc(OCC4CCc5cc(Cl)ccc54)n23)cc1,32.73494264210036
eosi_3,FC(F)Oc1ccc(-c2nnc3cncc(OCCN4CCNCC4)n23)cc1,FC(F)Oc1ccc(-c2nnc3cncc(OCCN4CCNCC4)n23)cc1,45.41749284734312
eosi_4,FC(F)Oc1ccc(-c2nnc3cncc(OCc4cccc5ccccc45)n23)cc1,FC(F)Oc1ccc(-c2nnc3cncc(OCc4cccc5ccccc45)n23)cc1,27.54978671186508
eosi_5,FC(F)Oc1ccc(-c2nnc3cncc(Oc4ccccc4)n23)cc1,FC(F)Oc1ccc(-c2nnc3cncc(Oc4ccccc4)n23)cc1,26.401867472397488
eosi_6,FC(F)Oc1ccc(-c2nnc3cncc(Oc4ccc5nc(C(F)(F)F)ncc5c4)n23)cc1,FC(F)Oc1ccc(-c2nnc3cncc(Oc4ccc5nc(C(F)(F)F)ncc5c4)n23)cc1,42.65657254919219
eosi_7,FC(F)Oc1ccc(-c2nnc3cncc(OCCC4COC4)n23)cc1,FC(F)Oc1ccc(-c2nnc3cncc(OCCC4COC4)n23)cc1,25.37531610596772
eosi_8,OCC(COc1cncc2nnc(-c3ccc(OC(F)F)cc3)n12)c1ccc(F)c(F)c1,OCC(COc1cncc2nnc(-c3ccc(OC(F)F)cc3)n12)c1ccc(F)c(F)c1,27.691094068048738
eosi_9,FC(F)Oc1ccc(-c2nnc3cncc(Oc4cccc(Cl)c4)n23)cc1,FC(F)Oc1ccc(-c2nnc3cncc(Oc4cccc(Cl)c4)n23)cc1,32.11905486121015
eosi_10,FC(F)Oc1ccc(-c2nnc3cncc(Oc4cccc(Oc5ccccn5)c4)n23)cc1,FC(F)Oc1ccc(-c2nnc3cncc(Oc4cccc(Oc5ccccn5)c4)n23)cc1,35.240946327308606
eosi_11,CO[C@@H](COc1cncc2nnc(-c3ccc(C#N)cc3)n12)c1ccc(F)c(F)c1,CO[C@@H](COc1cncc2nnc(-c3ccc(C#N)cc3)n12)c1ccc(F)c(F)c1,29.07127824715687
eosi_12,FC(F)Oc1ccc(-c2nnc3cncc(OCCN4CCCCC4)n23)cc1,FC(F)Oc1ccc(-c2nnc3cncc(OCCN4CCCCC4)n23)cc1,39.39588950554437
eosi_13,FC(F)Oc1ccc(-c2nnc3cncc(Oc4ccc(Cl)c(C(F)(F)F)c4)n23)cc1,FC(F)Oc1ccc(-c2nnc3cncc(Oc4ccc(Cl)c(C(F)(F)F)c4)n23)cc1,33.9028253603765
eosi_14,Fc1cc2ccc(Oc3cncc4nnc(-c5ccc(OC(F)F)cc5)n34)cc2cc1F,Fc1cc2ccc(Oc3cncc4nnc(-c5ccc(OC(F)F)cc5)n34)cc2cc1F,37.325666398958205
eosi_15,FC(F)Oc1ccc(-c2nnc3cncc(Oc4ccc(C(F)(F)F)cc4)n23)cc1,FC(F)Oc1ccc(-c2nnc3cncc(Oc4ccc(C(F)(F)F)cc4)n23)cc1,29.240224930535536
eosi_16,Fc1ccc(C2(COc3cncc4nnc(-c5ccc(OC(F)F)cc5)n34)COC2)cc1F,Fc1ccc(C2(COc3cncc4nnc(-c5ccc(OC(F)F)cc5)n34)COC2)cc1F,30.077141941868295
eosi_17,Fc1ccc(C(F)COc2cncc3nnc(-c4ccc(OC(F)F)cc4)n23)cc1F,Fc1ccc(C(F)COc2cncc3nnc(-c4ccc(OC(F)F)cc4)n23)cc1F,25.493325264732604
eosi_18,CC(C)(C)c1ccc(Oc2cncc3nnc(-c4ccc(OC(F)F)cc4)n23)cc1,CC(C)(C)c1ccc(Oc2cncc3nnc(-c4ccc(OC(F)F)cc4)n23)cc1,29.32372115868792
eosi_19,Fc1ccc(C(COc2cncc3nnc(-c4ccc(OC(F)F)cc4)n23)N2CCOCC2)cc1F,Fc1ccc(C(COc2cncc3nnc(-c4ccc(OC(F)F)cc4)n23)N2CCOCC2)cc1F,34.02272006374438
eosi_20,FC(F)Oc1ccc(-c2nnc3cncc(Oc4ccc5ccc(C(F)(F)F)nc5c4)n23)cc1,FC(F)Oc1ccc(-c2nnc3cncc(Oc4ccc5ccc(C(F)(F)F)nc5c4)n23)cc1,38.24959507503265
eosi_21,Fc1ccc(N2CC(Oc3cncc4nnc(-c5ccc(OC(F)F)cc5)n34)C2)cc1F,Fc1ccc(N2CC(Oc3cncc4nnc(-c5ccc(OC(F)F)cc5)n34)C2)cc1F,37.60769558672277
eosi_22,FC(F)Oc1ccc(-c2nnc3cncc(Oc4ccc5ccccc5c4)n23)cc1,FC(F)Oc1ccc(-c2nnc3cncc(Oc4ccc5ccccc5c4)n23)cc1,33.49798092765247
eosi_23,FC(F)Oc1ccc(-c2nnc3cncc(OC[C@H]4C[C@@H]5C[C@@H]4[C@@H]4O[C@H]54)n23)cc1,FC(F)Oc1ccc(-c2nnc3cncc(OC[C@H]4C[C@@H]5C[C@@H]4[C@@H]4O[C@@H]45)n23)cc1,28.016879612467136
eosi_24,CC(O)(COc1cncc2nnc(-c3ccc(OC(F)F)cc3)n12)c1ccc(F)c(F)c1,CC(O)(COc1cncc2nnc(-c3ccc(OC(F)F)cc3)n12)c1ccc(F)c(F)c1,27.832727719202854
eosi_25,CC(F)(COc1cncc2nnc(-c3ccc(OC(F)F)cc3)n12)c1ccc(F)c(F)c1,CC(F)(COc1cncc2nnc(-c3ccc(OC(F)F)cc3)n12)c1ccc(F)c(F)c1,26.209916059911322
eosi_26,FC(F)Oc1ccc(-c2nnc3cncc(OCCC45C6C7C8C6C4C8C75)n23)cc1,FC(F)Oc1ccc(-c2nnc3cncc(OCCC45C6C7C8C6C4C8C75)n23)cc1,24.45617353943492
eosi_27,FC(F)Oc1ccc(-c2nnc3cncc(OCC(F)(F)F)n23)cc1,FC(F)Oc1ccc(-c2nnc3cncc(OCC(F)(F)F)n23)cc1,22.698493323065183
eosi_28,FC(F)Oc1ccc(-c2nnc3cncc(OCC45CC(C(F)F)(C4)C5)n23)cc1,FC(F)Oc1ccc(-c2nnc3cncc(OCC45CC(C(F)F)(C4)C5)n23)cc1,24.72970768227345
eosi_29,FC(F)Oc1ccc(-c2nnc3cncc(OCCc4ccccc4)n23)cc1,FC(F)Oc1ccc(-c2nnc3cncc(OCCc4ccccc4)n23)cc1,26.66039622276369
eosi_30,OC(COc1cncc2nnc(-c3ccc(OC(F)F)cc3)n12)c1ccc(F)c(F)c1,OC(COc1cncc2nnc(-c3ccc(OC(F)F)cc3)n12)c1ccc(F)c(F)c1,33.93080226310153
eosi_31,CN[C@@H](COc1cncc2nnc(-c3ccc(OC(F)F)cc3)n12)c1ccc(F)c(F)c1,CN[C@@H](COc1cncc2nnc(-c3ccc(OC(F)F)cc3)n12)c1ccc(F)c(F)c1,34.14134630240758
eosi_32,CN(C)[C@@H](COc1cncc2nnc(-c3ccc(OC(F)F)cc3)n12)c1ccc(F)c(F)c1,CN(C)[C@@H](COc1cncc2nnc(-c3ccc(OC(F)F)cc3)n12)c1ccc(F)c(F)c1,31.460641522677985
eosi_33,FC(F)Oc1ccc(-c2nnc3cncc(OCCN4CCNCC4)n23)cc1,FC(F)Oc1ccc(-c2nnc3cncc(OCCN4CCNCC4)n23)cc1,45.41749284734312
eosi_34,FC(F)Oc1ccc(-c2nnc3cncc(OCC45CC(C(F)F)(C4)C5)n23)cc1,FC(F)Oc1ccc(-c2nnc3cncc(OCC45CC(C(F)F)(C4)C5)n23)cc1,24.72970768227345
eosi_35,FC(F)Oc1ccc(-c2nnc3cncc(OCCN4CCCCC4)n23)cc1,FC(F)Oc1ccc(-c2nnc3cncc(OCCN4CCCCC4)n23)cc1,39.39588950554437
eosi_36,FC(F)Oc1ccc(-c2nnc3cncc(OCCC4COC4)n23)cc1,FC(F)Oc1ccc(-c2nnc3cncc(OCCC4COC4)n23)cc1,25.37531610596772
eosi_37,FC(F)Oc1ccc(-c2nnc3cncc(Oc4ccccc4)n23)cc1,FC(F)Oc1ccc(-c2nnc3cncc(Oc4ccccc4)n23)cc1,26.401867472397488
eosi_38,FC(F)Oc1ccc(-c2nnc3cncc(OCCN4CC5(COC5)C4)n23)cc1,FC(F)Oc1ccc(-c2nnc3cncc(OCCN4CC5(COC5)C4)n23)cc1,38.0399658817726
eosi_39,CC(C)(C)Oc1ccc(-c2nnc3cncc(OCC(O)c4ccc(F)c(F)c4)n23)cc1,CC(C)(C)Oc1ccc(-c2nnc3cncc(OCC(O)c4ccc(F)c(F)c4)n23)cc1,33.45185664318356
eosi_40,FC(F)Oc1ccc(-c2nnc3cncc(OCCc4ccccc4)n23)cc1,FC(F)Oc1ccc(-c2nnc3cncc(OCCc4ccccc4)n23)cc1,26.66039622276369
eosi_41,FC(F)Oc1ccc(-c2nnc3cncc(OCC4CC5CC4C4OC54)n23)cc1,FC(F)Oc1ccc(-c2nnc3cncc(OCC4CC5CC4C4OC54)n23)cc1,28.016879612467136
eosi_42,FC(F)Oc1ccc(-c2nnc3cncc(OCCN4CCCC4)n23)cc1,FC(F)Oc1ccc(-c2nnc3cncc(OCCN4CCCC4)n23)cc1,37.471896623347426
eosi_43,CC(C)(C)OC(=O)N1CCN(CCOc2cncc3nnc(-c4ccc(OC(F)F)cc4)n23)CC1,CC(C)(C)OC(=O)N1CCN(CCOc2cncc3nnc(-c4ccc(OC(F)F)cc4)n23)CC1,45.500416716253575
eosi_44,FC(F)Oc1ccc(-c2nnc3cncc(OCCC45C6C7C8C6C4C8C75)n23)cc1,FC(F)Oc1ccc(-c2nnc3cncc(OCCC45C6C7C8C6C4C8C75)n23)cc1,24.45617353943492
eosi_45,C=1C=C(OC)C=CC=1C(COC2=CN=CC=3N2C(C4=CC=C(C=C4)OC(F)F)=NN=3)[H],COc1ccc(CCOc2cncc3nnc(-c4ccc(OC(F)F)cc4)n23)cc1,25.875014319866803
eosi_46,N=1N=C(N2C=1C=NC=C2OCC3CC=4C=C(C(F)=CC=43)F)C5=CC=C(C=C5)OC(C)F,CC(F)Oc1ccc(-c2nnc3cncc(OCC4Cc5cc(F)c(F)cc54)n23)cc1,25.530027660661926
eosi_47,FCC=1C=CC(C(OC)COC2=CN=CC=3N2C(=NN=3)C=4C=CC(=CC=4)OC(F)F)=CC=1Br,COC(COc1cncc2nnc(-c3ccc(OC(F)F)cc3)n12)c1ccc(CF)c(Br)c1,29.380450753721686
eosi_48,OC(COC=1N2C(=NN=C2C=NC=1)C=3C=CC(=CC=3)OC(F)F)C=4C=CC(=CC=4)OC(F)C,CC(F)Oc1ccc(C(O)COc2cncc3nnc(-c4ccc(OC(F)F)cc4)n23)cc1,27.284363681267994
eosi_49,FCC1=C(CC1COC=2N3C(C=NC=2)=NN=C3C4=CC=C(C=C4)OC(F)F)C=C,C=CC1=C(CF)C(COc2cncc3nnc(-c4ccc(OC(F)F)cc4)n23)C1,26.8625938077217
eosi_50,C=1C=C(C=CC=1C2=NN=C3C=NC=C(N32)OCC4=CC=CC(=C4)C(C)(F)F)OC(F)F,CC(F)(F)c1cccc(COc2cncc3nnc(-c4ccc(OC(F)F)cc4)n23)c1,31.164858326987677
eosi_51,C1=CC(C(OC)COC=2N3C(=NN=C3C=4C=CC(OC(F)F)=CC=4)C=NC=2)=CC=C1OC(F)NF,COC(COc1cncc2nnc(-c3ccc(OC(F)F)cc3)n12)c1ccc(OC(F)NF)cc1,30.44713396101346
eosi_52,C=1C=C(C=2N3C(C=NC=C3OCC=4C=C(C=CC=4)C(F)(F)F)=NN=2)C=CC=1COC(F)F,FC(F)OCc1ccc(-c2nnc3cncc(OCc4cccc(C(F)(F)F)c4)n23)cc1,30.759020211886803
eosi_53,N=1N=C2C=NC=C(N2C=1C=3C=CC(OC(F)F)=CC=3)OC4C5=C(C4)C=C(F)C(F)=C5,Fc1cc2c(cc1F)C(Oc1cncc3nnc(-c4ccc(OC(F)F)cc4)n13)C2,23.988079436344577
eosi_54,C=1C(=CC=CC=1C(F)(F)C)OC=2N3C(C=NC=2)=NN=C3C=4C=CC(=CC=4)OC(F)F,CC(F)(F)c1cccc(Oc2cncc3nnc(-c4ccc(OC(F)F)cc4)n23)c1,30.118588862045204
eosi_55,C(C(F)F)(OC)COC=1N2C(=NN=C2C=NC=1)C3=CC=C(C=C3)OC(F)F,COC(COc1cncc2nnc(-c3ccc(OC(F)F)cc3)n12)C(F)F,22.81800692488676
eosi_56,FC(C1=CC(COC2=CN=CC3=NN=C(N32)C4=CC=C(OC(F)F)C=C4)=CC=C1)F,FC(F)Oc1ccc(-c2nnc3cncc(OCc4cccc(C(F)F)c4)n23)cc1,32.12992558563865
eosi_57,O(C1=CN=CC2=NN=C(N12)C3=CC=C(C=C3)OC(F)F)CCC=CCC(F)(F)F,FC(F)Oc1ccc(-c2nnc3cncc(OCCC=CCC(F)(F)F)n23)cc1,27.06601168945767
eosi_58,C(C(OC)C=1C=CC(OC(F)F)=CC=1)OC2=CC=CC3=NN=C(N23)C4=CC=C(OC(F)F)C=C4,COC(COc1cccc2nnc(-c3ccc(OC(F)F)cc3)n12)c1ccc(OC(F)F)cc1,21.949845417722873
eosi_59,C=12C(CC=1C=C(C(F)=C2)F)COC3=CN=CC=4N3C(=NN=4)C5=CC6=C(C=C5)O6,Fc1cc2c(cc1F)C(COc1cncc3nnc(-c4ccc5c(c4)O5)n13)C2,30.80385243018484
eosi_60,FC(F)(F)N1C=CC=C(COC2=CN=CC=3N2C(C4=CC=C(C=C4)OC(F)F)=NN=3)C1,FC(F)Oc1ccc(-c2nnc3cncc(OCC4=CC=CN(C(F)(F)F)C4)n23)cc1,27.23670743256183
eosi_61,C(COC=1N2C(=NN=C2C=NC=1)CC[H])(OC)C=3C=CC(=CC=3)OC(F)F,CCc1nnc2cncc(OCC(OC)c3ccc(OC(F)F)cc3)n12,27.26377322551344
eosi_62,O(C(F)F)C=1C=CC(=CC=1)C2=NN=C3N2C(=CN=C3)OCC(C=4C=CC(OOCF)=CC=4)OC,COC(COc1cncc2nnc(-c3ccc(OC(F)F)cc3)n12)c1ccc(OOCF)cc1,30.948346592782556
eosi_63,C=1(C=CC(=CC=1)OC(F)F)C2=NN=C3C=NC=C(N32)OCC=C[H],C=CCOc1cncc2nnc(-c3ccc(OC(F)F)cc3)n12,20.10263838370673
eosi_64,C1=C(OCC(C2=CC=C(C=C2)OC(F)F)[O-1])N3C(=NN=C3C=N1)C4=CC=C(OC(F)F)C=C4,OC(COc1cncc2nnc(-c3ccc(OC(F)F)cc3)n12)c1ccc(OC(F)F)cc1,26.815240798746633
eosi_65,C=1(OC(F)F)C=CC(C=2N3C(=NN=2)C=NC=C3OCC4=CC=CC(=C4)F)=CC=1,Fc1cccc(COc2cncc3nnc(-c4ccc(OC(F)F)cc4)n23)c1,28.45209754602445
eosi_66,C=1(C=CC(=CC=1)C=2N3C(OCC=4C=C(C(F)(F)F)C=CC=4)=CN=CC3=NN=2)CF,FCc1ccc(-c2nnc3cncc(OCc4cccc(C(F)(F)F)c4)n23)cc1,32.43049402093188
eosi_67,FC(OC1=CC=C(C=C1)C2=NN=C3C=NC=C(N32)OCC4=CC=CC(=C4)C(F)(F)F)S,FC(S)Oc1ccc(-c2nnc3cncc(OCc4cccc(C(F)(F)F)c4)n23)cc1,30.400986103177623
eosi_68,C=1C=C(C=2N3C(=NN=2)C=NC=C3OCC(OC)C4=CC=C(C=C4)OC(F)F)C=CC=1SOC(F)F,COC(COc1cncc2nnc(-c3ccc(SOC(F)F)cc3)n12)c1ccc(OC(F)F)cc1,28.610286816639316
eosi_69,C(CCCOC1=CN=CC2=NN=C(C3=CC=C(C=C3)OC(F)F)N12)(F)(F)F,FC(F)Oc1ccc(-c2nnc3cncc(OCCCC(F)(F)F)n23)cc1,24.735753924132187
eosi_70,C1=CC(=C=NC(COC=2N3C(C=NC=2)=NN=C3C=4C=CC(=CC=4)OC(F)F)=C1)C(F)(F)F,FC(F)Oc1ccc(-c2nnc3cncc(OCC4=CC=CC(C(F)(F)F)=C=N4)n23)cc1,20.427224799663552
eosi_71,C(N1C(OCC=2C=C(C(F)(F)F)C=CC=2)=CN=CC1=NN=3)(C)=CC(=CC=3)OC(F)F,Cc1cc(OC(F)F)ccnnc2cncc(OCc3cccc(C(F)(F)F)c3)n12,30.89976545823638
eosi_72,N12C(=NN=C1C3=CC=C(OC(F)F)C=C3)C=NC=C2CC=4C(=CC=CC=4)C(F)(F)F,FC(F)Oc1ccc(-c2nnc3cncc(Cc4ccccc4C(F)(F)F)n23)cc1,21.866267647397716
eosi_73,O(C)C1=CC=C(C=C1)C=2N3C(C=NC=C3OCC4=CC=CC=C4C(F)(F)F)=NN=2,COc1ccc(-c2nnc3cncc(OCc4ccccc4C(F)(F)F)n23)cc1,25.823190551488533
eosi_74,C1=CC(C2=NN=C3N2C(OCC=4C=C(C(F)(F)F)C=CC=4)=CN=C3)=CC=C1OC(C)F,CC(F)Oc1ccc(-c2nnc3cncc(OCc4cccc(C(F)(F)F)c4)n23)cc1,29.16939598576384
eosi_75,N=1N=C2N(C=1C=3C=CC(OC(F)F)=CC=3)C(=CN=C2)OCC4=CC=CC=C4I,FC(F)Oc1ccc(-c2nnc3cncc(OCc4ccccc4I)n23)cc1,25.915301120860086
eosi_76,C1(=CN=CC=2N1C(C3=CC=C(C=C3)OC(F)F)=NN=2)OCCCC4=CC=C(C(=C4)F)F,Fc1ccc(CCCOc2cncc3nnc(-c4ccc(OC(F)F)cc4)n23)cc1F,33.673867890179665
eosi_77,C=1N=CC2=NN=C(C=3C=CC(OC(F)F)=CC=3)N2C=1OCCCl,FC(F)Oc1ccc(-c2nnc3cncc(OCCCl)n23)cc1,21.09004931478075
eosi_78,C=1C(OC(F)F)=CC=C(C2=NN=C3N2C(OCC4=CC=CC=C4C(F)(F)F)=CN=C3)C=1Br,FC(F)Oc1ccc(-c2nnc3cncc(OCc4ccccc4C(F)(F)F)n23)c(Br)c1,34.32524552442543
eosi_79,C=1C=C(C=C(C=1)CCF)OC2=CN=CC3=NN=C(C4=CC=C(OC(F)F)C=C4)N32,FCCc1cccc(Oc2cncc3nnc(-c4ccc(OC(F)F)cc4)n23)c1,31.21056129208288
eosi_80,C1=C(C(=CC=2C(COC=3N4C(C=NC=3)=NN=C4C=5C=CC(OC(F)=N)=CC=5)CC1=2)F)F,N=C(F)Oc1ccc(-c2nnc3cncc(OCC4Cc5cc(F)c(F)cc54)n23)cc1,26.29751604368104
eosi_81,COC(COC=1N2C(C=NC=1)=NN=C2C=3C=CC(OC(F)F)=CC=3)C=4C=CC(=CC=4)OCCF,COC(COc1cncc2nnc(-c3ccc(OC(F)F)cc3)n12)c1ccc(OCCF)cc1,33.688309084505036
eosi_82,C1=CC(=CC(=C1)COC=2N3C(C4=CC=C(OC(F)F)C=C4)=NN=C3C=NC=2)CF,FCc1cccc(COc2cncc3nnc(-c4ccc(OC(F)F)cc4)n23)c1,28.936586967489994
eosi_83,N=1N=C2N(C=1C=3C=CC(OC(F)F)=CC=3)C(=CN=C2)OCC4=CC=CC=C4C(N)CF,NC(CF)c1ccccc1COc1cncc2nnc(-c3ccc(OC(F)F)cc3)n12,31.024327126483243
eosi_84,N=1N=C2C=NC=C(OCC(O)CC3=CC=C(OC(F)F)C=C3)N2C=1C=4C=CC(OC(F)F)=CC=4,OC(COc1cncc2nnc(-c3ccc(OC(F)F)cc3)n12)Cc1ccc(OC(F)F)cc1,27.511056138842285
eosi_85,C(CF)=CC1=CC(COC2=CN=CC3=NN=C(C4=CC=C(C=C4)OC(F)F)N23)=CC=C1F,FCC=Cc1cc(COc2cncc3nnc(-c4ccc(OC(F)F)cc4)n23)ccc1F,30.400708438150172
eosi_86,C1=2C=NC=C(OCC3=CC=CC(=C34)C4F)N1C(C5=CC=C(OC(F)F)C=C5)=NN=2,FC(F)Oc1ccc(-c2nnc3cncc(OCc4cccc5c4C5F)n23)cc1,25.475651089517854
eosi_87,FC(C=1C=CC(=CC=1)C=2N3C(=NN=2)C=NC=C3OCC4=CC=CC(=C4)C(F)F)F,FC(F)c1ccc(-c2nnc3cncc(OCc4cccc(C(F)F)c4)n23)cc1,27.762418436023577
eosi_88,FC(F)OC=1C=CC(=CC=1)C(COC=2N3C(=NN=C3C=4C=CC(=CC=4)OC(F)F)C=NN=2)OC,COC(COc1nncc2nnc(-c3ccc(OC(F)F)cc3)n12)c1ccc(OC(F)F)cc1,20.905829246340026
eosi_89,C(F)(OCC=1N=CC(C=2N3C(=NN=2)C=NC=C3OCC4=CC=CC(=C4)C(F)(F)F)=CC=1)[H],FCOCc1ccc(-c2nnc3cncc(OCc4cccc(C(F)(F)F)c4)n23)cn1,32.31340028891811
eosi_90,N=1N=C(C2=CC=C(OC(F)F)C=C2)N3C=1C=NC=C3OSC4=CC=CC(C(F)(Cl)F)=C4,FC(F)Oc1ccc(-c2nnc3cncc(OSc4cccc(C(F)(F)Cl)c4)n23)cc1,24.10882767168808
eosi_91,S=1C=CC(=CC=1)C2=NN=C3C=NC=C(OCC4=CC=CC(C(F)(F)F)=C4)N23,FC(F)(F)c1cccc(COc2cncc3nnc(C4=CC=[SH]C=C4)n23)c1,27.05892716517494
eosi_92,C(F)(COC1=CC=C(C=2N3C(C=NC=C3OCC=4C(C(F)(F)F)=CC=CC=4)=NN=2)C=C1)F,FC(F)COc1ccc(-c2nnc3cncc(OCc4ccccc4C(F)(F)F)n23)cc1,32.319971764699304
eosi_93,N1=C2N(C(C=3C=CC(=CC=3)OC(F)F)=N1)C(=CN=C2)NOCC=4C=C(C(F)(F)F)C=CC=4,FC(F)Oc1ccc(-c2nnc3cncc(NOCc4cccc(C(F)(F)F)c4)n23)cc1,27.06602816375419
eosi_94,C1=CC(=CC=C1C2=NN=C3C=NC=C(OCC4C=5C=C(C(=CC=5C4)F)F)N23)OCCF,FCCOc1ccc(-c2nnc3cncc(OCC4Cc5cc(F)c(F)cc54)n23)cc1,29.7645761276598
eosi_95,C1=C(C=CC(=C1)C2=NN=C3N2C(=CN=C3)OCF)OC(F)F,FCOc1cncc2nnc(-c3ccc(OC(F)F)cc3)n12,22.293022256391854
eosi_96,N12C(=NN=C1C3=CC=C(C=C3)OC(F)F)C=NC=C2OCC=4C=C(C=CC=4)C(F)N(F)F,FC(F)Oc1ccc(-c2nnc3cncc(OCc4cccc(C(F)N(F)F)c4)n23)cc1,25.22251589277182
eosi_97,C=1C(=CC=C(C=2N3C(=NN=2)C=NC=C3ONC(OC)C4=CC=C(C=C4)OC(F)F)C=1)OC(F)F,COC(NOc1cncc2nnc(-c3ccc(OC(F)F)cc3)n12)c1ccc(OC(F)F)cc1,14.032343525808031
eosi_98,C=1C=CC=C(C(F)(F)F)C=1COC=2N3C(=NN=C3C=NC=2)C=4C=CC(=CC=4)NC(F)F,FC(F)Nc1ccc(-c2nnc3cncc(OCc4ccccc4C(F)(F)F)n23)cc1,30.948232831114094
eosi_99,C=1(C=CC(OC(F)F)=CC=1)C2=NN=C3C=NC=C(N32)OCCC=C(C(F)(F)F)F,FC(=CCCOc1cncc2nnc(-c3ccc(OC(F)F)cc3)n12)C(F)(F)F,22.850472974884415
eosi_100,C12=NN=C(C=3C=CC(OC(F)F)=CC=3)N1C(=CN=C2)OCC(OC)C4=CC=C(ON(F)F)C=C4,COC(COc1cncc2nnc(-c3ccc(OC(F)F)cc3)n12)c1ccc(ON(F)F)cc1,28.08243238706611
eosi_101,N=1N=C(N2C(=CN=CC2=1)OCC=3C=C(C=CC=3)C(F)(F)F)C4=CC=C(C=C4)OCC(F)F,FC(F)COc1ccc(-c2nnc3cncc(OCc4cccc(C(F)(F)F)c4)n23)cc1,35.5580487283981
eosi_102,C1=CC(OC(F)F)=CC=C1C=2N3C(=NN=2)C=NC=C3OCC4NC=5C=C(C(=CC=54)F)F,Fc1cc2c(cc1F)C(COc1cncc3nnc(-c4ccc(OC(F)F)cc4)n13)N2,30.22993807730189
eosi_103,O(C(F)F)C1=CC=C(C=C1)C2=NN=C3C=CC=C(N23)OCC=4C=C(C(F)(F)F)C=CC=4,FC(F)Oc1ccc(-c2nnc3cccc(OCc4cccc(C(F)(F)F)c4)n23)cc1,25.638957911804653
eosi_104,O(C)C(C1=CC=C(C=C1)OC(F)C)OC=2N3C(=NN=C3C=NC=2)C4=CC=C(C=C4)OC(F)F,COC(Oc1cncc2nnc(-c3ccc(OC(F)F)cc3)n12)c1ccc(OC(C)F)cc1,20.2929832728911
eosi_105,C1=NC=C(OCC(OC)C2=CC=C(C=C2)OC(F)F)N3C1=NN=C3CC=CC(F)F,COC(COc1cncc2nnc(CC=CC(F)F)n12)c1ccc(OC(F)F)cc1,28.274821945656267
eosi_106,C1=2N(C(OCC3CC4=C3C=C(F)C(=C4)F)=CN=C1)C(=NN=2)C5=CC=C(C=C5)ON(F)F,Fc1cc2c(cc1F)C(COc1cncc3nnc(-c4ccc(ON(F)F)cc4)n13)C2,23.188215046543263
eosi_107,C1(OC(F)F)=C(C=2N3C(=NN=2)C=NC=C3OCC(C4=CC=C(C=C4)OC(F)F)OC)C=C1,COC(COc1cncc2nnc(C3=C(OC(F)F)C=C3)n12)c1ccc(OC(F)F)cc1,28.73011715060278
eosi_108,N=1N=C2N(C(=CN=C2)OCC[H])C=1C=3C=CC(=CC=3)OC(F)F,CCOc1cncc2nnc(-c3ccc(OC(F)F)cc3)n12,19.802736856822108
eosi_109,C1=C(C2=NN=C3C=NC=C(N32)OCC4=CC=CC=C4C(F)(F)F)C=CC(=C1)OC(C)F,CC(F)Oc1ccc(-c2nnc3cncc(OCc4ccccc4C(F)(F)F)n23)cc1,25.931319022065047
eosi_110,C=1(C=CC(=CC=1)OC(F)F)C=2N3C(=CN=CC3=NN=2)OCC(OC)C=CC=COC(F)F,COC(C=CC=COC(F)F)COc1cncc2nnc(-c3ccc(OC(F)F)cc3)n12,29.927694894105947
eosi_111,C1(=CN=CC2=NN=C(C=3N=CC(=CC=3)OC(F)F)N21)OCC=4C=C(C=CC=4)C(F)(F)F,FC(F)Oc1ccc(-c2nnc3cncc(OCc4cccc(C(F)(F)F)c4)n23)nc1,33.49368854059605
eosi_112,C=1(COC=2N3C(C=NC=2)=NN=C3C=4C=CC(=CC=4)OC(F)F)C=C(C(F)(F)F)C=CC=1S,FC(F)Oc1ccc(-c2nnc3cncc(OCc4cc(C(F)(F)F)ccc4S)n23)cc1,30.998189420574604
eosi_113,N1=CC(OC(F)F)=CC=C1C(OC)COC2=CN=CC3=NN=C(C4=CC=C(OC(F)F)C=C4)N32,COC(COc1cncc2nnc(-c3ccc(OC(F)F)cc3)n12)c1ccc(OC(F)F)cn1,25.275741707791713
eosi_114,C=1(C=2C=CC(OC(F)F)=CC=2)N3C(OCC=4C(=CC=NN=4)C(F)(F)F)=CN=CC3=NN=1,FC(F)Oc1ccc(-c2nnc3cncc(OCc4nnccc4C(F)(F)F)n23)cc1,25.180624837138712
eosi_115,FC(OC=1C=CC(C=2N3C(=CN=CC3=NN=2)OCCC4=C(C)C=C(F)C(=C4)F)=CC=1)F,Cc1cc(F)c(F)cc1CCOc1cncc2nnc(-c3ccc(OC(F)F)cc3)n12,28.210744492661252
eosi_116,C(C=1C(=CC=CC=1)COC2=CN=CC3=NN=C(C4=CC=C(C=C4)OC(F)F)N23)(CF)COF,FCC(COF)c1ccccc1COc1cncc2nnc(-c3ccc(OC(F)F)cc3)n12,26.77449246200003
eosi_117,C1(COC=2N3C(C4=CC=C(OC(F)F)C=C4)=NN=C3C=NC=2)=CC=CC(C(F)(F)F)=C1C,Cc1c(COc2cncc3nnc(-c4ccc(OC(F)F)cc4)n23)cccc1C(F)(F)F,29.777464724970002
eosi_118,C1=2C=NC=C(N1C(=NN=2)C3=CC=C(OC(F)F)C=C3)OCC(C=4C=CC(=CC=4)OC(F)O)C,CC(COc1cncc2nnc(-c3ccc(OC(F)F)cc3)n12)c1ccc(OC(O)F)cc1,24.40566643487059
eosi_119,C1(=NN=C2N1C(OCC=3C=C(C=CC=3)C(F)(F)F)=CN=C2)C=4C=CC(=CC=4)O,Oc1ccc(-c2nnc3cncc(OCc4cccc(C(F)(F)F)c4)n23)cc1,31.270952270539695
eosi_120,COC(C=1C=CC(=CC=1)OCF)OC2=CN=CC=3N2C(=NN=3)C4=CC=C(C=C4)OC(F)F,COC(Oc1cncc2nnc(-c3ccc(OC(F)F)cc3)n12)c1ccc(OCF)cc1,25.163503604358397
eosi_121,FC(F)C1=CC=C(C=C1)C2=NN=C3N2C(OCC4=CC=CC=C4C(F)(F)F)=CN=C3,FC(F)c1ccc(-c2nnc3cncc(OCc4ccccc4C(F)(F)F)n23)cc1,28.94788537931716
eosi_122,O(C1=CN=CC=2N1C(C=3C=CC(OCCF)=CC=3)=NN=2)CC(OC)C=4C=CC(OC(F)F)=CC=4,COC(COc1cncc2nnc(-c3ccc(OCCF)cc3)n12)c1ccc(OC(F)F)cc1,33.688309084505036
eosi_123,C=12N(C(=NN=1)C3=CC=C(C=C3)OC(F)F)C(OCC(CC4=CC=CO4)F)=CN=C2,FC(COc1cncc2nnc(-c3ccc(OC(F)F)cc3)n12)Cc1ccco1,22.410893174903844
eosi_124,O(C(F)F)C1=CC=C(C=C1)C(OC=2N3C(C=4C=CC(OC(F)F)=CC=4)=NN=C3C=NC=2)OC,COC(Oc1cncc2nnc(-c3ccc(OC(F)F)cc3)n12)c1ccc(OC(F)F)cc1,19.823860390369745
eosi_125,C(F)OC1=CC=CC=C1C2=NN=C3C=NC=C(OCC4C=5C=C(F)C(F)=CC=5C4)N32,FCOc1ccccc1-c1nnc2cncc(OCC3Cc4cc(F)c(F)cc43)n12,31.183854663941364
eosi_126,FC(C)(C=1C(COC2=CN=CC=3N2C(=NN=3)C4=CC=C(C=C4)OC(F)F)=CC=CC=1)F,CC(F)(F)c1ccccc1COc1cncc2nnc(-c3ccc(OC(F)F)cc3)n12,27.690777456985668
eosi_127,C1(=CN=CC2=NN=C(N12)C3=CC=C(C=C3)OC(F)F)OCC4C=CO4,FC(F)Oc1ccc(-c2nnc3cncc(OCC4C=CO4)n23)cc1,26.15139878502875
eosi_128,C(OC=1C=CC(=CC=1)C(SC)COC2=CN=CC=3N2C(C=4C=CC(=CC=4)OC(F)F)=NN=3)(F)F,CSC(COc1cncc2nnc(-c3ccc(OC(F)F)cc3)n12)c1ccc(OC(F)F)cc1,28.984637734985803
eosi_129,C=12CC(COC3=CN=CC=4N3C(C=5C=CC(=CC=5)OC(F)F)=NN=4)C=1C=C2F,FC1=CC2=C1CC2COc1cncc2nnc(-c3ccc(OC(F)F)cc3)n12,22.313140253304816
eosi_130,O(C(F)F)C1=CC=C(C=C1)C=2N3C(=NN=2)C=NC=C3OC=4C=C(C(F)(F)F)C=CC=4,FC(F)Oc1ccc(-c2nnc3cncc(Oc4cccc(C(F)(F)F)c4)n23)cc1,30.98898874396677
eosi_131,C1(=CC=C(OC(F)F)C=C1)C2=NN=C3N2C(=CN=C3)OCC(OC)I,COC(I)COc1cncc2nnc(-c3ccc(OC(F)F)cc3)n12,19.274315345914232
eosi_132,C(C1C2=C(C=C(C(F)=C2)F)C1)OC3=CN=NC4=NN=C(C=5C=CC(OC(F)F)=CC=5)N34,Fc1cc2c(cc1F)C(COc1cnnc3nnc(-c4ccc(OC(F)F)cc4)n13)C2,22.52184748703902
eosi_133,C(F)(F)OC1=CC=C(C=2N3C(=NN=2)C=NC=C3OCC=4C=C(C(F)(F)F)C=CC=4)C=C1Br,FC(F)Oc1ccc(-c2nnc3cncc(OCc4cccc(C(F)(F)F)c4)n23)cc1Br,38.04143387593952
eosi_134,COCC(C=1C=CC(=CC=1)OC(F)F)COC2=CN=CC3=NN=C(N32)C=4C=CC(OC(F)F)=CC=4,COCC(COc1cncc2nnc(-c3ccc(OC(F)F)cc3)n12)c1ccc(OC(F)F)cc1,24.233503871468834
eosi_135,N12C(C=NC=C1OCC(OC)C=3C=CC(NC(F)F)=CC=3)=NN=C2C4=CC=C(OC(F)F)C=C4,COC(COc1cncc2nnc(-c3ccc(OC(F)F)cc3)n12)c1ccc(NC(F)F)cc1,32.45441471912408
eosi_136,N12C(OC3=CC=CC=C3OC(F)(F)F)=CN=CC1=NN=C2C4=CC=C(C=C4)OC(F)F,FC(F)Oc1ccc(-c2nnc3cncc(Oc4ccccc4OC(F)(F)F)n23)cc1,28.8458836275016
eosi_137,C=1C2=NN=C(N2C(=CN=1)OCC(C=3C=CC(OC(F)F)=CC=3)OC)C=4C=CC(=CC=4)OC(F)=O,COC(COc1cncc2nnc(-c3ccc(OC(=O)F)cc3)n12)c1ccc(OC(F)F)cc1,28.865602832985235
eosi_138,C=1N=CC=2N(C=1OCC3=CC=CC(C(F)(F)F)=C3)C(=NN=2)C=CC4=C(C4)OC(F)F,FC(F)OC1=C(C=Cc2nnc3cncc(OCc4cccc(C(F)(F)F)c4)n23)C1,27.47857031890583
eosi_139,C=12C=C2C=CC=1C3=NN=C4N3C(OCC(OC)C=5C=CC(=CC=5)OC(F)F)=CN=C4,COC(COc1cncc2nnc(-c3ccc4cc3-4)n12)c1ccc(OC(F)F)cc1,35.00137612352816
eosi_140,C1(=CC=C(C=2N3C(=CN=CC3=NN=2)OCC4CC=5C=C(F)C(F)=CC=54)C=C1)OC,COc1ccc(-c2nnc3cncc(OCC4Cc5cc(F)c(F)cc54)n23)cc1,24.515316632145478
eosi_141,FC(F)OC=1C=CC(=C)C=1C2=NN=C3N2C(OCC=4C(C(F)(F)F)=CC=CC=4)=CN=C3,C=C1C=CC(OC(F)F)=C1c1nnc2cncc(OCc3ccccc3C(F)(F)F)n12,25.562341822000114
eosi_142,FC(F)OC=1C=CC(=CC=1)C(OC2=CN=CC3=NN=C(C=4C=CC(=CC=4)OC(F)F)N32)C,CC(Oc1cncc2nnc(-c3ccc(OC(F)F)cc3)n12)c1ccc(OC(F)F)cc1,24.152570458770164
eosi_143,C=1C=C(C=2N3C(=NN=2)C=NC=C3OCC4C=5C=C(Br)C(F)=CC=5C4)C=CC=1OC(F)F,Fc1cc2c(cc1Br)C(COc1cncc3nnc(-c4ccc(OC(F)F)cc4)n13)C2,29.69336545238122
eosi_144,C=1=CCC=1C(OC)COC2=CN=CC3=NN=C(C4=CC=C(C=C4)OC(F)F)N32,COC(COc1cncc2nnc(-c3ccc(OC(F)F)cc3)n12)C1=C=CC1,24.103580455894395
eosi_145,O(CCC(F)(F)F)C1=CN=CC=2N1C(=NN=2)C3=CC=C(C=C3)OC(F)F,FC(F)Oc1ccc(-c2nnc3cncc(OCCC(F)(F)F)n23)cc1,25.04743990546937
eosi_146,C(F)(F)OC=1C=CC(C=2N3C(=CN=CC3=NN=2)OCC=4C=NC=CC=4C(F)(F)F)=CC=1,FC(F)Oc1ccc(-c2nnc3cncc(OCc4cnccc4C(F)(F)F)n23)cc1,27.60075101948222
eosi_147,FC=1C(=CC=2CC(COC=3N4C(C=NC=3)=NN=C4C5=CC=C(OC(I)F)C=C5)C=2C=1)F,Fc1cc2c(cc1F)C(COc1cncc3nnc(-c4ccc(OC(F)I)cc4)n13)C2,29.69336545238122
eosi_148,C=12CC(COC3=CN=CC4=NN=C(C=5C=CC(OC(F)F)=CC=5)N43)C=1C2F,FC(F)Oc1ccc(-c2nnc3cncc(OCC4CC5=C4C5F)n23)cc1,23.84236560504158
eosi_149,C1(C=2C=C(C(F)=CC=2C1)F)C=3N4C(=NN=C4C=NC=3)C5=CC=C(OC(F)F)C=C5,Fc1cc2c(cc1F)C(c1cncc3nnc(-c4ccc(OC(F)F)cc4)n13)C2,23.80152524491734
eosi_150,C=12C(CC=1C=C(F)C(=C2)F)COC3=CN=C4C=NN=C(N34)C5=CC=C(C=C5)OCF,FCOc1ccc(-c2nncc3ncc(OCC4Cc5cc(F)c(F)cc54)n23)cc1,30.62584296452381
eosi_151,N=1C=C(OCC2=CC=CC=C2C(F)(F)F)N3C(C=1)=NN=C3C(OC(F)F)CBr,FC(F)OC(CBr)c1nnc2cncc(OCc3ccccc3C(F)(F)F)n12,24.26588642736121
eosi_152,C1(=NN=C2C=NC=C(OCC=3C=C(C=CC=3)C(F)(F)F)N21)C4=CC=CC=C4OC(F)F,FC(F)Oc1ccccc1-c1nnc2cncc(OCc3cccc(C(F)(F)F)c3)n12,34.97451201111673
eosi_153,C1(C2=NN=C3N2C(OCC(C4=CC=C(C=C4)OC(F)F)OC)=CN=C3)=CC=C(C=C1)OC(F)=SF,COC(COc1cncc2nnc(-c3ccc(OC(F)=[SH]F)cc3)n12)c1ccc(OC(F)F)cc1,29.346005183228666
eosi_154,C1(OCC(OC)C2=CC=C(C=C2)OC(F)F)=CN=CC=3N1C(=NN=3)CC(F)F,COC(COc1cncc2nnc(CC(F)F)n12)c1ccc(OC(F)F)cc1,27.20289712672099
eosi_155,SC1=CC(OC(F)F)=CC=C1C2=NN=C3C=NC=C(N32)OCC4C=5C=C(C(F)=CC=5C4)F,Fc1cc2c(cc1F)C(COc1cncc3nnc(-c4ccc(OC(F)F)cc4S)n13)C2,34.66613206677043
eosi_156,C=1C=C(C=CC=1C=2N3C(=NN=2)C=NC=C3OCC4CC5=C4C=C(C(F)=C5)F)NOC(F)F,Fc1cc2c(cc1F)C(COc1cncc3nnc(-c4ccc(NOC(F)F)cc4)n13)C2,24.760142993759953
eosi_157,C1C=2CC(COC=3N4C(=NN=C4C=NC=3)C=5C=CC(OC(F)F)=CC=5)C=2C=C1,FC(F)Oc1ccc(-c2nnc3cncc(OCC4CC5=C4C=CC5)n23)cc1,27.358645808288905
eosi_158,N1=CC=2N(C(OCC(C=3C=CC(=CC=3)OC(F)F)OC)=C1)C(=NN=2)F,COC(COc1cncc2nnc(F)n12)c1ccc(OC(F)F)cc1,24.78507719148675
eosi_159,O(C(F)F)C=1C=CC(=CC=1)C2=NN=C3N2C(=C)N=C3OCC(C4=CC=C(OC(F)F)C=C4)OC,C=c1nc(OCC(OC)c2ccc(OC(F)F)cc2)c2nnc(-c3ccc(OC(F)F)cc3)n12,23.035734051959153
eosi_160,O(C=1C=CC(C=2N3C(=NN=2)C=NC=C3OCC4C5=C(C=C(F)C(F)=C5)C4)=CC=1)CF,FCOc1ccc(-c2nnc3cncc(OCC4Cc5cc(F)c(F)cc54)n23)cc1,30.400547992129237
eosi_161,C1(OC(F)F)=CC=C(C=C1)C=C(OC)COC=2N3C(=NN=C3C=4C=CC(OC(F)F)=CC=4)C=NC=2,COC(=Cc1ccc(OC(F)F)cc1)COc1cncc2nnc(-c3ccc(OC(F)F)cc3)n12,19.440303872538653
eosi_162,C(F)C1=CC=C(C=C1)C=2N3C(=CN=CC3=NN=2)OCC4=CC=CC=C4C(F)(F)F,FCc1ccc(-c2nnc3cncc(OCc4ccccc4C(F)(F)F)n23)cc1,29.192417057233094
eosi_163,C=1C(=CC=C(C2=NN=C3C=NC=C(N32)OCC(OC)C=4C=CC(=CC=4)OC(F)F)C=1)OOC(C)F,COC(COc1cncc2nnc(-c3ccc(OOC(C)F)cc3)n12)c1ccc(OC(F)F)cc1,28.96791833900116
eosi_164,C=1C=C(C=CC=1C2=NN=C3C=NC=C(OCC(C=4C=CC(OC(C)Cl)=CC=4)OC)N32)OC(F)F,COC(COc1cncc2nnc(-c3ccc(OC(F)F)cc3)n12)c1ccc(OC(C)Cl)cc1,29.45376061750716
eosi_165,O(C(F)F)C1=CC=C(C=C1)C2=NN=C3N2C(=CN=C3)OCC=4C(=CC=CC=4)SC(F)(F)F,FC(F)Oc1ccc(-c2nnc3cncc(OCc4ccccc4SC(F)(F)F)n23)cc1,32.17942836221127
eosi_166,C(C(ON)CC1=CC=C(OC(F)F)C=C1)OC=2N3C(=NN=C3C=NC=2)C=4C=CC(OC(F)F)=CC=4,NOC(COc1cncc2nnc(-c3ccc(OC(F)F)cc3)n12)Cc1ccc(OC(F)F)cc1,25.6964215142082
eosi_167,C1=C(C=CC(=C1)C=2N3C(=NN=2)C=NC=C3OCC(C=4C=CC(=CC=4)OC(F)C)OC)CF,COC(COc1cncc2nnc(-c3ccc(CF)cc3)n12)c1ccc(OC(C)F)cc1,29.84805093284009
eosi_168,C(F)(F)(F)CC=CC(COC1=CN=CC=2N1C(C=3C=CC(OC(F)F)=CC=3)=NN=2)C,CC(C=CCC(F)(F)F)COc1cncc2nnc(-c3ccc(OC(F)F)cc3)n12,26.76578998922752
eosi_169,C=1N=CC2=NN=C(N2C=1OCC(OC)C=3C=CC(OC(F)F)=NC=3)C4=CC=C(OC(F)F)C=C4,COC(COc1cncc2nnc(-c3ccc(OC(F)F)cc3)n12)c1ccc(OC(F)F)nc1,32.539039139951576
eosi_170,C=1(N2C(=NN=C2C=NC=1)C3=CC=C(C=C3)OC(F)F)OCC=4C(=CC=CC=4CF)CF,FCc1cccc(CF)c1COc1cncc2nnc(-c3ccc(OC(F)F)cc3)n12,23.746412160771172
eosi_171,O(CC1=CN=CC=2N1C(C3=CC=C(C=C3)OC(F)F)=NN=2)CC=4C=C(C(F)(F)F)C=CC=4,FC(F)Oc1ccc(-c2nnc3cncc(COCc4cccc(C(F)(F)F)c4)n23)cc1,27.30902565913464
eosi_172,N1=C(C=2C=CC(OC(F)F)=CC=2)N3C(=N1)C=NC=C3OCC=4C=C(C=CC=4)CCF,FCCc1cccc(COc2cncc3nnc(-c4ccc(OC(F)F)cc4)n23)c1,32.22533399521404
eosi_173,N1=CC2=NN=C(C=3C=CC(OC(F)F)=CC=3)N2C(=C1)OCC=4C=C(C=CC=4CF)CF,FCc1ccc(CF)c(COc2cncc3nnc(-c4ccc(OC(F)F)cc4)n23)c1,25.001482770157633
eosi_174,C=1C=C(C(F)(F)F)C=CC=1COC2=CN=CC=3N2C(=NN=3)C4=CC=C(OC(F)F)C=C4,FC(F)Oc1ccc(-c2nnc3cncc(OCc4ccc(C(F)(F)F)cc4)n23)cc1,30.182738881424658
eosi_175,C=1(OC(F)F)C=C(CC=1)C=2N3C(=NN=2)C=NC=C3OCC4=CC=CC(C(F)(F)F)=C4,FC(F)OC1=CCC(c2nnc3cncc(OCc4cccc(C(F)(F)F)c4)n23)=C1,28.604160109182267
eosi_176,C=1(C=CC(=CC=1)OC(F)F)C2=NN=C3N2C(=CN=C3)ONCC4CC=5C=C(C(F)=CC=54)F,Fc1cc2c(cc1F)C(CNOc1cncc3nnc(-c4ccc(OC(F)F)cc4)n13)C2,24.79813107306862
eosi_177,C=1(F)C(F)=NC=2CC(C=2C=1)COC=3N4C(=NN=C4C=5C=CC(OC(F)F)=CC=5)C=NC=3,Fc1cc2c(nc1F)CC2COc1cncc2nnc(-c3ccc(OC(F)F)cc3)n12,25.736838897748363
eosi_178,N1=C(C2=CC=C(OC([H])F)C=C2)N3C(=N1)C=NC=C3OCC=4C=C(C=CC=4)C(F)F,FCOc1ccc(-c2nnc3cncc(OCc4cccc(C(F)F)c4)n23)cc1,32.83710812538667
eosi_179,COC(CCl)COC1=CN=CC2=NN=C(N21)C=3C=CC(OC(F)F)=CC=3,COC(CCl)COc1cncc2nnc(-c3ccc(OC(F)F)cc3)n12,21.981675266039485
eosi_180,O(C=1C=CC(C(OC)COC=2N3C(C=NC=2)=NC=C3C4=CC=C(C=C4)OC(F)F)=CC=1)C(F)F,COC(COc1cncc2ncc(-c3ccc(OC(F)F)cc3)n12)c1ccc(OC(F)F)cc1,45.575110889393045
eosi_181,C1=C(N2C(C=N1)=NN=C2C3=CC=C(C=C3)OC(F)F)OCCF,FCCOc1cncc2nnc(-c3ccc(OC(F)F)cc3)n12,21.09004931478075
eosi_182,C=1(C=CC(OC(F)F)=CC=1)C=2N3C(=NN=2)C=NC=C3OCC=4C(C(F)(F)Br)=CC=CC=4,FC(F)Oc1ccc(-c2nnc3cncc(OCc4ccccc4C(F)(F)Br)n23)cc1,30.09465681378433
eosi_183,C1(=CN=CC2=NN=C(C=3C=CC(OC(F)F)=CC=3)N12)OCC=4C(=CC=CC=4)C(F)(F)CF,FCC(F)(F)c1ccccc1COc1cncc2nnc(-c3ccc(OC(F)F)cc3)n12,26.440029803473323
eosi_184,O(C)C(COC=1N2C(C=NC=1)=NN=C2C=3C=CC(=CC=3)OC(F)F)C=CCOC(F)F,COC(C=CCOC(F)F)COc1cncc2nnc(-c3ccc(OC(F)F)cc3)n12,27.04526900248995
eosi_185,C1=CC(=CC(COC=2N3C(C=NC=2)=NN=C3C=4C=CC(=CC=4)OC[H])=C1)C(F)(F)F,COc1ccc(-c2nnc3cncc(OCc4cccc(C(F)(F)F)c4)n23)cc1,29.06126751518732
eosi_186,O(CC=1C=C(C(F)(F)F)C=CC=1)C2=CN=CC=3N2C(C4=CC=C(OOCF)C=C4)=NN=3,FCOOc1ccc(-c2nnc3cncc(OCc4cccc(C(F)(F)F)c4)n23)cc1,30.600080135301553
eosi_187,C1(=CN=CC2=NOPC3=CC=C(OC(F)F)C=C3N21)OCC4=CC=CC(C(F)(F)F)=C4,FC(F)Oc1ccc2[pH]onc3cncc(OCc4cccc(C(F)(F)F)c4)n3c2c1,43.47055963042419
eosi_188,C=1C(OC(F)F)=CC=C(C=1)COCCOC=2N3C(C=NC=2)=NN=C3C=4C=CC(OC(F)F)=CC=4,FC(F)Oc1ccc(COCCOc2cncc3nnc(-c4ccc(OC(F)F)cc4)n23)cc1,28.398147299350292
eosi_189,FC(C1=CC=C(C=2N3C(C=NC=C3OCC4=CC=CC(=C4)C(F)(F)F)=NN=2)C=C1)F,FC(F)c1ccc(-c2nnc3cncc(OCc4cccc(C(F)(F)F)c4)n23)cc1,32.18596234301595
eosi_190,C=1(C=C(C)C=1C(F)(F)F)OC=2N3C(C4=CC=C(C=C4)OC(F)F)=NN=C3C=NC=2,CC1=CC(Oc2cncc3nnc(-c4ccc(OC(F)F)cc4)n23)=C1C(F)(F)F,20.137543804656428
eosi_191,C1=C(C(F)(F)F)C=CC=C1COC2=CN=CC=3N2C(=NN=3)C4=CC=C(C=C4)OCCF,FCCOc1ccc(-c2nnc3cncc(OCc4cccc(C(F)(F)F)c4)n23)cc1,33.40394445276171
eosi_192,N=1C=C(N2C(=NN=C2C=1)C=3C=CC(OC(F)F)=CC=3)OCC(C=4C=CC(=CC=4)C(F)O)C,CC(COc1cncc2nnc(-c3ccc(OC(F)F)cc3)n12)c1ccc(C(O)F)cc1,24.744830782158413
eosi_193,N12C(OCC3=CC=CC=C3C(F)(F)F)=CN=CC1=NN=C2C4=CC=C(C=C4)OCF,FCOc1ccc(-c2nnc3cncc(OCc4ccccc4C(F)(F)F)n23)cc1,30.801839353532344
eosi_194,C1(=CC=CC(C(F)(F)F)=C1)COC=2N3C(=NN=C3C=NC=2)C=4C=CC(=CC=4)SOC(F)F,FC(F)OSc1ccc(-c2nnc3cncc(OCc4cccc(C(F)(F)F)c4)n23)cc1,29.181719285340684
eosi_195,O(C=1C=CC(=CC=1)C=2N3C(OCC4=CC=CC(C(F)(F)F)=C4)=CN=CC3=NN=2)CF,FCOc1ccc(-c2nnc3cncc(OCc4cccc(C(F)(F)F)c4)n23)cc1,34.039916317231146
eosi_196,C(C=1N2C(=NN=1)C=NC=C2OCC(OC)C3=CC=C(OC(F)F)C=C3)C=CCC(F)F,COC(COc1cncc2nnc(CC=CCC(F)F)n12)c1ccc(OC(F)F)cc1,31.840776986520186
eosi_197,C(O)C(C1=CC=C(OC(F)F)C=C1)COC2=CN=CC=3N2C(C=4C=CC(=CC=4)OC(F)F)=NN=3,OCC(COc1cncc2nnc(-c3ccc(OC(F)F)cc3)n12)c1ccc(OC(F)F)cc1,23.47555248927665
eosi_198,C1=CC(C(F)F)=CC=C1C(CC)OC2=CN=CC=3N2C(=NN=3)C=4C=CC(OC(F)F)=CC=4,CCC(Oc1cncc2nnc(-c3ccc(OC(F)F)cc3)n12)c1ccc(C(F)F)cc1,27.22463687320954
eosi_199,C1(=CC=C(OC(F)F)C1)C=2N3C(=NN=2)C=NC=C3OCC4=CC=CC(=C4)C(F)(F)F,FC(F)OC1=CC=C(c2nnc3cncc(OCc4cccc(C(F)(F)F)c4)n23)C1,29.87592081006003
eosi_200,N12C(C=3C=CC(OC(F)F)=CC=3)=NN=C1C=NC=C2OC4=CC=CC=C4C(F)(F)F,FC(F)Oc1ccc(-c2nnc3cncc(Oc4ccccc4C(F)(F)F)n23)cc1,30.936218306186145
eosi_201,C=1N=CC2=NN=C(C=3C=CC(OC(F)F)=CC=3)N2C=1OCC=4C(=CC=CC=4)C(C)F,CC(F)c1ccccc1COc1cncc2nnc(-c3ccc(OC(F)F)cc3)n12,25.41244234086741
eosi_202,C1(OC2=CN=CC3=NN=C(N23)C=4C=CC(=CC=4)OC(F)F)C5=C1C=C(C(F)=C5)F,Fc1cc2c(cc1F)C2Oc1cncc2nnc(-c3ccc(OC(F)F)cc3)n12,23.4401468132525
eosi_203,N=1N=C(N2C(=CN=CC=12)OCC(SC=3C=CC(=CC=3)OCF)OC)C=4C=CC(=CC=4)OC(F)F,COC(COc1cncc2nnc(-c3ccc(OC(F)F)cc3)n12)Sc1ccc(OCF)cc1,23.89564745335524
eosi_204,C=1CCC=NCC(C=1F)COC=2N3C(C=4C=CC(OC(F)F)=CC=4)=NN=C3C=NC=2,FC1=CCCC=NCC1COc1cncc2nnc(-c3ccc(OC(F)F)cc3)n12,25.051045088262875
eosi_205,O(C=1C=CC(=CC=1)C2=NN=C3C=NC=C(N32)OCC(OC)C4=CC=C(OC(F)F)CC4)C(F)F,COC(COc1cncc2nnc(-c3ccc(OC(F)F)cc3)n12)C1=CC=C(OC(F)F)CC1,25.78592035530965
eosi_206,C1=C(C=CC=2CC(C=21)CSOC=3N4C(C5=CC=C(C=C5)OC(F)F)=NN=C4C=NC=3)F,Fc1ccc2c(c1)C(CSOc1cncc3nnc(-c4ccc(OC(F)F)cc4)n13)C2,28.60316910479172
eosi_207,C(COC=1C=CC(=CC=1)C(OC)COC=2N3C(C=NC=2)=NN=C3C=4C=CC(=CC=4)OCF)F,COC(COc1cncc2nnc(-c3ccc(OCF)cc3)n12)c1ccc(OCCF)cc1,34.395491624253054
eosi_208,O(CC(OC)CC=CCOC(F)F)C1=CN=CC=2N1C(C3=CC=C(OC(F)F)C=C3)=NN=2,COC(CC=CCOC(F)F)COc1cncc2nnc(-c3ccc(OC(F)F)cc3)n12,32.28618480079992
eosi_209,O(C1=CN=CC2=NN=C(N12)C=3C=CC(OC(F)F)=CC=3)CC4C=C(C)C(=C4)F,CC1=CC(COc2cncc3nnc(-c4ccc(OC(F)F)cc4)n23)C=C1F,23.866487302871715
eosi_210,N=1N=C2N(C=1C3=CC=C(OC(F)F)C=C3)C(=CN=C2)OCCC[H],CCCOc1cncc2nnc(-c3ccc(OC(F)F)cc3)n12,22.606303808343796
eosi_211,C1=CC(OC(F)F)=CC=C1C(COC=2N3C(=NN=C3C4=CC=C(OC(F)F)C=C4)C=NC=2)=O,O=C(COc1cncc2nnc(-c3ccc(OC(F)F)cc3)n12)c1ccc(OC(F)F)cc1,16.498924232322253
eosi_212,C1(C=2C=CC(=CC=2)OC(F)F)=NN=C3C=NC=C(N13)OCC4=CC=CC=C4CCl,FC(F)Oc1ccc(-c2nnc3cncc(OCc4ccccc4CCl)n23)cc1,25.91813636111991
eosi_213,FC(Oc0ccc(C(COc1n2c(-c3ccc(OC(F)F)cc3)nnc2cnc1)OC)cc0)F,COC(COc1cncc2nnc(-c3ccc(OC(F)F)cc3)n12)c1ccc(OC(F)F)cc1,28.984637734985803
eosi_214,c0c(F)c(F)cc1c0C(COc2ccc(-c3n4c(OCc5cccc(C(F)(F)F)c5)cncc4nn3)cc2)C1,Fc1cc2c(cc1F)C(COc1ccc(-c3nnc4cncc(OCc5cccc(C(F)(F)F)c5)n34)cc1)C2,40.923168455909845
eosi_215,C0(COc1cncc2nnc(-c3ccc(OC(F)F)cc3)n12)Cc1cc(F)c(F)cc10,Fc1cc2c(cc1F)C(COc1cncc3nnc(-c4ccc(OC(F)F)cc4)n13)C2,29.69336545238122
eosi_216,c0cc(-c1nnc2n1c(OCc1c(C(F)(F)F)cccc1)cnc2)ccc0OC(F)F,FC(F)Oc1ccc(-c2nnc3cncc(OCc4ccccc4C(F)(F)F)n23)cc1,30.09465681378433
eosi_217,c0(-c1ccc(OCC3c4cc(F)c(F)cc4C3)cc1)nnc1cncc(OCc2c(C(F)(F)F)cccc2)n01,Fc1cc2c(cc1F)C(COc1ccc(-c3nnc4cncc(OCc5ccccc5C(F)(F)F)n34)cc1)C2,37.68509149221106
eosi_218,C(F)(Oc0ccc(-c1n2c(OCc3cccc(C(F)(F)F)c3)cncc2nn1)cc0)F,FC(F)Oc1ccc(-c2nnc3cncc(OCc4cccc(C(F)(F)F)c4)n23)cc1,33.33273377748312
eosi_219,C(F)(Oc0cncc1n0c(-c0ccc(OC(F)F)cc0)nn1)F,FC(F)Oc1ccc(-c2nnc3cncc(OC(F)F)n23)cc1,19.79270826054931
eosi_220,CC1=C(C(=O)OCC2=CN=CC(C(F)(F)F)=C2)N=NN1C3=CC=C(OC(F)F)C=C3,Cc1c(C(=O)OCc2cncc(C(F)(F)F)c2)nnn1-c1ccc(OC(F)F)cc1,16.282750775176133
eosi_221,CC1=C(C(=O)NCC2=CC=CC(C(F)(F)F)=C2)N=NN1C3=CC=C(OC(F)F)C=C3,Cc1c(C(=O)NCc2cccc(C(F)(F)F)c2)nnn1-c1ccc(OC(F)F)cc1,21.187789304273547
eosi_222,FC(F)Oc1ccc(-c2nnc3cncc(-c4ccc(OC(F)F)nc4)n23)cc1,FC(F)Oc1ccc(-c2nnc3cncc(-c4ccc(OC(F)F)nc4)n23)cc1,37.077688812977414
eosi_223,OC1=NCC(COc2cncc3nnc(-c4ccc(OC(F)F)cc4)n23)C1,O=C1CC(COc2cncc3nnc(-c4ccc(OC(F)F)cc4)n23)CN1,25.40998266096569
eosi_224,COC(=O)c1ccc(-c2nnc3cncc(OCc4ccccc4)n23)cc1,COC(=O)c1ccc(-c2nnc3cncc(OCc4ccccc4)n23)cc1,20.61404650809912
eosi_225,COc1ccc(-c2nnc3cncc(OCc4ccccc4C(F)(F)F)n23)cc1,COc1ccc(-c2nnc3cncc(OCc4ccccc4C(F)(F)F)n23)cc1,25.823190551488533
eosi_226,FC(F)Oc1ccc(-c2nnc3cncc(-c4ccc(OC(F)F)c(OC(F)F)c4)n23)cc1,FC(F)Oc1ccc(-c2nnc3cncc(-c4ccc(OC(F)F)c(OC(F)F)c4)n23)cc1,27.66102671634608
eosi_227,CCOCC(C)Oc1cncc2nnc(-c3ccc(OC(F)F)cc3)n12,CCOCC(C)Oc1cncc2nnc(-c3ccc(OC(F)F)cc3)n12,24.69931913551979
eosi_228,FC(F)Oc1ccc(-c2nnc3cncc(C(F)F)n23)cc1,FC(F)Oc1ccc(-c2nnc3cncc(C(F)F)n23)cc1,18.91203490067228
eosi_229,FC(F)Oc1ccc(-c2nnc3cncc(Oc4ccc(OC(F)F)cn4)n23)cc1,FC(F)Oc1ccc(-c2nnc3cncc(Oc4ccc(OC(F)F)cn4)n23)cc1,27.586500147019066
eosi_230,FC(F)Oc1ccc(-c2nnc3ccc(OCc4cccc(C(F)(F)F)c4)cn23)cc1,FC(F)Oc1ccc(-c2nnc3ccc(OCc4cccc(C(F)(F)F)c4)cn23)cc1,31.032925743011347
eosi_231,FC(F)Oc1cncc2nnc(-c3ccc(OC(F)(F)F)cc3)n12,FC(F)Oc1cncc2nnc(-c3ccc(OC(F)(F)F)cc3)n12,21.894502357493803
eosi_232,CC(Oc1cncc2nnc(-c3ccc(OC(F)F)cc3)n12)C(=O)O,CC(Oc1cncc2nnc(-c3ccc(OC(F)F)cc3)n12)C(=O)O,12.393660499754557
eosi_233,COC(=O)c1cncc2nnc(-c3ccc(OC(F)F)cc3)n12,COC(=O)c1cncc2nnc(-c3ccc(OC(F)F)cc3)n12,17.388012486153325
eosi_234,Cc1cccc(-c2nnc3cncc(OCc4cccc(OC(F)F)c4)n23)c1,Cc1cccc(-c2nnc3cncc(OCc4cccc(OC(F)F)c4)n23)c1,29.146914528132843
eosi_235,FC(F)Oc1ccc(-c2nnc3cncc(OC(OC(F)F)C4CC4)n23)cc1,FC(F)Oc1ccc(-c2nnc3cncc(OC(OC(F)F)C4CC4)n23)cc1,23.677160322205133
eosi_236,CC(COc1cncc2nnc(-c3ccc(OC(F)F)cc3)n12)N1CC2COC(=O)OC2C1,CC(COc1cncc2nnc(-c3ccc(OC(F)F)cc3)n12)N1CC2COC(=O)OC2C1,36.02493710491791
eosi_237,COc1ccc(-c2nnc3cncc(OCc4ccc(OC(F)F)cc4)n23)cn1,COc1ccc(-c2nnc3cncc(OCc4ccc(OC(F)F)cc4)n23)cn1,34.42852176266765
eosi_238,FC(F)Oc1ccc(-c2nnc3cncc(OCC4CC4c4ccc5ccccc5n4)n23)cc1,FC(F)Oc1ccc(-c2nnc3cncc(OCC4CC4c4ccc5ccccc5n4)n23)cc1,29.945866933154957
eosi_239,FC(F)Oc1ccc(-c2nnc3cncc(OCC4CC4c4ccccc4)n23)cc1,FC(F)Oc1ccc(-c2nnc3cncc(OCC4CC4c4ccccc4)n23)cc1,27.244333732594804
eosi_240,FC(F)(F)Oc1ccc(-c2nnc3cncc(OCC4CC4)n23)cc1,FC(F)(F)Oc1ccc(-c2nnc3cncc(OCC4CC4)n23)cc1,26.817882513336663
eosi_241,FC(F)Oc1ccc(-c2nnc3cncc(OCc4cccc(OC(F)F)c4)n23)cc1,FC(F)Oc1ccc(-c2nnc3cncc(OCc4cccc(OC(F)F)c4)n23)cc1,26.613320495894456
eosi_242,Fc1ccccc1COc1cncc2nnc(-c3ccc(OC(F)F)cc3)n12,Fc1ccccc1COc1cncc2nnc(-c3ccc(OC(F)F)cc3)n12,25.915301120860086
eosi_243,FC(F)COc1cncc2nnc(-c3ccc(OC(F)F)c(OC(F)F)c3)n12,FC(F)COc1cncc2nnc(-c3ccc(OC(F)F)c(OC(F)F)c3)n12,23.35575301717848
eosi_244,FC(F)Oc1ccc(-c2nnc(-c3ccc(OCc4ccccc4C(F)(F)F)cc3)o2)cc1,FC(F)Oc1ccc(-c2nnc(-c3ccc(OCc4ccccc4C(F)(F)F)cc3)o2)cc1,31.1618407114536
eosi_245,O=C(Nc1cccnc1)Oc1cncc2nnc(-c3ccc(OC(F)F)cc3)n12,O=C(Nc1cccnc1)Oc1cncc2nnc(-c3ccc(OC(F)F)cc3)n12,26.866324263946346
eosi_246,FC(F)Oc1ccc(COc2cncc3nnc(-c4ccc(OC(F)F)cn4)n23)cc1,FC(F)Oc1ccc(COc2cncc3nnc(-c4ccc(OC(F)F)cn4)n23)cc1,27.82222195268193
eosi_247,FC(F)Oc1cccc(COc2cncc3nnc(-c4ccc(OC(F)F)nc4)n23)c1,FC(F)Oc1cccc(COc2cncc3nnc(-c4ccc(OC(F)F)nc4)n23)c1,35.15018342742328
eosi_248,FC(F)Oc1ccc(-c2nnc3cncc(OCc4cc(OC(F)F)ccn4)n23)cc1,FC(F)Oc1ccc(-c2nnc3cncc(OCc4cc(OC(F)F)ccn4)n23)cc1,27.556094597000502
eosi_249,FC(F)Oc1ccc(COc2cncc3nnc(-c4ccc(OC(F)F)nc4)n23)cc1,FC(F)Oc1ccc(COc2cncc3nnc(-c4ccc(OC(F)F)nc4)n23)cc1,35.21942196865089
eosi_250,FC(F)Oc1ccc(-c2nnc3cncc(OC4CCCC4)n23)cc1,FC(F)Oc1ccc(-c2nnc3cncc(OC4CCCC4)n23)cc1,27.948161430396894
eosi_251,Fc1ccc2c(c1)CC2COc1cncc2nnc(-c3ccc(OC(F)F)cc3)n12,Fc1ccc2c(c1)CC2COc1cncc2nnc(-c3ccc(OC(F)F)cc3)n12,30.525838692886534
eosi_252,OC1COCC1Oc1ccc(-c2nnc3cncc(OCc4cccc(OC(F)F)c4)n23)cc1,OC1COCC1Oc1ccc(-c2nnc3cncc(OCc4cccc(OC(F)F)c4)n23)cc1,32.726527287928
eosi_253,FC(F)Oc1ccc(-c2nnc3cncc(N4CCOCC4)n23)cc1,FC(F)Oc1ccc(-c2nnc3cncc(N4CCOCC4)n23)cc1,28.71902295365088
eosi_254,COC(COc1ccc(-c2nnc3cncc(OCC4CC4)n23)cn1)c1ccc(OC(F)F)cc1,COC(COc1ccc(-c2nnc3cncc(OCC4CC4)n23)cn1)c1ccc(OC(F)F)cc1,43.490530204203814
eosi_255,COCCOc1ccc(-c2nnc3cncc(OCc4ccc(OC(F)F)cc4)n23)cc1,COCCOc1ccc(-c2nnc3cncc(OCc4ccc(OC(F)F)cc4)n23)cc1,31.39812047670575
eosi_256,COc1ccc(C2CC2COc2cncc3nnc(-c4ccc(OC(F)F)cc4)n23)nc1,COc1ccc(C2CC2COc2cncc3nnc(-c4ccc(OC(F)F)cc4)n23)nc1,27.76460670561934
eosi_257,FC(F)Oc1ccc(-c2nnc3cnc4c(C(F)(F)F)cncc4n23)cc1,FC(F)Oc1ccc(-c2nnc3cnc4c(C(F)(F)F)cncc4n23)cc1,21.253315967437224
eosi_258,FC(F)Oc1ccc(-c2nncc3nnc(-c4ccc(OC(F)F)cc4)n23)cc1,FC(F)Oc1ccc(-c2nncc3nnc(-c4ccc(OC(F)F)cc4)n23)cc1,12.492662971985562
eosi_259,FC(F)Oc1ccc(-c2nnc3cncc(OCCOc4ccc(C(F)(F)F)cc4)n23)cc1,FC(F)Oc1ccc(-c2nnc3cncc(OCCOc4ccc(C(F)(F)F)cc4)n23)cc1,25.2026981429782
eosi_260,CCOC(COc1cncc2nnc(-c3ccc(C(=O)OC(C)(C)C)cc3)n12)c1cccc(OC(F)F)c1,CCOC(COc1cncc2nnc(-c3ccc(C(=O)OC(C)(C)C)cc3)n12)c1cccc(OC(F)F)c1,34.21726347777353
eosi_261,FC(F)Oc1ccc(-c2nnc3cncc(OCc4ccc5c(c4)OCO5)n23)cc1,FC(F)Oc1ccc(-c2nnc3cncc(OCc4ccc5c(c4)OCO5)n23)cc1,25.671010240806417
eosi_262,CCOC(=O)COc1ccc(-c2nnc3cncc(OCc4ccccc4)n23)cc1,CCOC(=O)COc1ccc(-c2nnc3cncc(OCc4ccccc4)n23)cc1,16.71726527105087
eosi_263,COc1ccc(COc2cncc3nnc(-c4ccc(OC(F)F)cc4)n23)cc1OC(F)F,COc1ccc(COc2cncc3nnc(-c4ccc(OC(F)F)cc4)n23)cc1OC(F)F,25.932565178633457
eosi_264,FC(F)Oc1ccc(Oc2cncc3nnc(-c4ccc(OC(F)F)cc4)n23)cc1,FC(F)Oc1ccc(Oc2cncc3nnc(-c4ccc(OC(F)F)cc4)n23)cc1,23.638881482207307
eosi_265,CCOc1cncc2nnc(-c3ccc(OC(F)F)cc3)n12,CCOc1cncc2nnc(-c3ccc(OC(F)F)cc3)n12,19.802736856822108
eosi_266,FC(F)Oc1ccc(CCOc2cncc3nnc(-c4ccc(OC(F)F)cc4)n23)cc1,FC(F)Oc1ccc(CCOc2cncc3nnc(-c4ccc(OC(F)F)cc4)n23)cc1,25.514019907921956
eosi_267,Oc1ccc(-c2nnc3cncc(-c4ccc(OC(F)F)cc4)n23)cc1,Oc1ccc(-c2nnc3cncc(-c4ccc(OC(F)F)cc4)n23)cc1,29.60347904504209
eosi_268,FC(F)Oc1ccc(COc2cncc3nnc(-c4ccc(OC(F)F)c(OC(F)F)c4)n23)cc1,FC(F)Oc1ccc(COc2cncc3nnc(-c4ccc(OC(F)F)c(OC(F)F)c4)n23)cc1,27.337690796376616
eosi_269,COc1ccc(-c2nnc3cncc(OCc4cccc(OC(F)F)c4)n23)cc1,COc1ccc(-c2nnc3cncc(OCc4cccc(OC(F)F)c4)n23)cc1,25.85064282784923
eosi_270,FC(F)Oc1ccc(-c2nnc3cncc(OCC4CCOCC4)n23)cc1,FC(F)Oc1ccc(-c2nnc3cncc(OCC4CCOCC4)n23)cc1,29.114800632897982
eosi_271,COc1ccc(-c2nnc3cncc(OCc4cccc(C(F)(F)F)c4)n23)cc1,COc1ccc(-c2nnc3cncc(OCc4cccc(C(F)(F)F)c4)n23)cc1,29.06126751518732
eosi_272,FC(F)Oc1ccc(-c2nnc3cncc(OCc4cccc(C(F)(F)F)c4)n23)cc1,FC(F)Oc1ccc(-c2nnc3cncc(OCc4cccc(C(F)(F)F)c4)n23)cc1,33.33273377748312
eosi_273,COc1ccc(-c2nnc3cncc(OCCOc4ccc(OC(F)F)cc4)n23)cc1,COc1ccc(-c2nnc3cncc(OCCOc4ccc(OC(F)F)cc4)n23)cc1,20.666227514873256
eosi_274,Fc1ccc(-c2nnc3cncc(OCC4CC4c4ccc(OC(F)F)cc4)n23)cc1,Fc1ccc(-c2nnc3cncc(OCC4CC4c4ccc(OC(F)F)cc4)n23)cc1,27.17178082640846
eosi_275,O=C(O)COc1ccc(-c2nnc3cncc(-c4ccc(OC(F)F)cc4)n23)cc1,O=C(O)COc1ccc(-c2nnc3cncc(-c4ccc(OC(F)F)cc4)n23)cc1,15.946860678359645
eosi_276,FC(F)Oc1ccc(-c2nnc3cncc(C(F)(F)F)n23)cc1,FC(F)Oc1ccc(-c2nnc3cncc(C(F)(F)F)n23)cc1,18.490036172553467
eosi_277,FC(F)Oc1ccc(-c2nnc3cncc(OCc4ccccc4)n23)cc1,FC(F)Oc1ccc(-c2nnc3cncc(OCc4ccccc4)n23)cc1,26.073321282116044
eosi_278,Fc1ccccc1Oc1cncc2nnc(-c3ccc(OC(F)F)cc3)n12,Fc1ccccc1Oc1cncc2nnc(-c3ccc(OC(F)F)cc3)n12,27.29026494394726
eosi_279,COC(=O)c1ccc(OCCCOc2cncc3nnc(-c4ccc(OC(F)F)cc4)n23)cc1,COC(=O)c1ccc(OCCCOc2cncc3nnc(-c4ccc(OC(F)F)cc4)n23)cc1,29.33490689328306
eosi_280,Fc1cccc(C(F)(F)F)c1COc1cncc2nnc(-c3ccc(OC(F)F)cc3)n12,Fc1cccc(C(F)(F)F)c1COc1cncc2nnc(-c3ccc(OC(F)F)cc3)n12,33.528766267489765
eosi_281,COC(=O)C1CC1COc1cncc2nnc(-c3ccc(OC(F)F)cc3)n12,COC(=O)C1CC1COc1cncc2nnc(-c3ccc(OC(F)F)cc3)n12,28.723089341154914
eosi_282,COC(COc1ccc(-c2nnc3cncc(OC(F)F)n23)cc1)c1ccccc1C(F)(F)F,COC(COc1ccc(-c2nnc3cncc(OC(F)F)n23)cc1)c1ccccc1C(F)(F)F,25.65293976271915
eosi_283,FC(F)Oc1ccc(-c2nnc3cncc(OCc4ccc(C(F)(F)F)cc4)n23)cc1,FC(F)Oc1ccc(-c2nnc3cncc(OCc4ccc(C(F)(F)F)cc4)n23)cc1,30.182738881424658
eosi_284,FC(F)Oc1ccc(-c2nnc3cncc(OCC4CC4)n23)cc1,FC(F)Oc1ccc(-c2nnc3cncc(OCC4CC4)n23)cc1,26.41452964816345
eosi_285,COC(COc1ncc(-c2nnc3cncc(OCC(F)F)n23)cc1C(F)(F)F)c1ccc(OC(F)F)cc1,COC(COc1ncc(-c2nnc3cncc(OCC(F)F)n23)cc1C(F)(F)F)c1ccc(OC(F)F)cc1,43.995352745603675
eosi_286,FC(F)Oc1ccc(-c2nnc3cncc(OCCOc4ccccc4OC(F)F)n23)cc1,FC(F)Oc1ccc(-c2nnc3cncc(OCCOc4ccccc4OC(F)F)n23)cc1,21.40609995098348
eosi_287,COc1ccc(-c2nnc3cncc(-c4ccc(OC(F)F)cc4)n23)cc1,COc1ccc(-c2nnc3cncc(-c4ccc(OC(F)F)cc4)n23)cc1,25.26561418463868
eosi_288,Fc1cccc(F)c1COc1cncc2nnc(-c3ccc(OC(F)F)cc3)n12,Fc1cccc(F)c1COc1cncc2nnc(-c3ccc(OC(F)F)cc3)n12,25.43959370534684
eosi_289,FC(F)Oc1cccc(COc2cncc3nnc(-c4ccc(OC(F)(F)F)cc4)n23)c1,FC(F)Oc1cccc(COc2cncc3nnc(-c4ccc(OC(F)(F)F)cc4)n23)c1,30.525461955318242
eosi_290,COCCOc1cncc2nnc(-c3ccc(OC(F)F)cc3)n12,COCCOc1cncc2nnc(-c3ccc(OC(F)F)cc3)n12,24.4422347828216
eosi_291,Fc1cc(-c2nnc3cncc(OCc4ccccc4)n23)ccc1OC(F)F,Fc1cc(-c2nnc3cncc(OCc4ccccc4)n23)ccc1OC(F)F,30.782021380572434
eosi_292,CCOC(=O)c1cncc2nnc(-c3ccc(OC(F)F)cc3)n12,CCOC(=O)c1cncc2nnc(-c3ccc(OC(F)F)cc3)n12,17.304797152269465
eosi_293,COc1cncc2nnc(-c3ccc(OC(F)F)cc3)n12,COc1cncc2nnc(-c3ccc(OC(F)F)cc3)n12,20.004009184499946
eosi_294,FC(F)Oc1ccc(-c2nnc3c(C(F)(F)F)cc(OCc4ccccc4C(F)(F)F)cn23)cc1,FC(F)Oc1ccc(-c2nnc3c(C(F)(F)F)cc(OCc4ccccc4C(F)(F)F)cn23)cc1,30.843878055466895
eosi_295,Fc1ccc(COc2cncc3nnc(-c4ccc(OC(F)F)cc4)n23)c(F)c1,Fc1ccc(COc2cncc3nnc(-c4ccc(OC(F)F)cc4)n23)c(F)c1,27.574882150798437
eosi_296,FC(F)Oc1ccc(-c2nnc3cncc(OCc4ccncc4)n23)cc1,FC(F)Oc1ccc(-c2nnc3cncc(OCc4ccncc4)n23)cc1,26.203310674569625
eosi_297,Fc1cnccc1COc1cncc2nnc(-c3ccc(OC(F)F)cc3)n12,Fc1cnccc1COc1cncc2nnc(-c3ccc(OC(F)F)cc3)n12,31.599562738584083
eosi_298,FC(F)Oc1ccc(-c2nnc3cncc(OC4CC4c4ccc(OC(F)F)cc4)n23)cc1,FC(F)Oc1ccc(-c2nnc3cncc(OC4CC4c4ccc(OC(F)F)cc4)n23)cc1,25.30078233741191
eosi_299,FC(F)Oc1ccc(-c2nnc3cccc(OCc4ncccc4C(F)(F)F)n23)cc1,FC(F)Oc1ccc(-c2nnc3cccc(OCc4ncccc4C(F)(F)F)n23)cc1,19.538533243518863
eosi_300,FC(F)Oc1ccc(-c2nnc3cncc(-c4ccc(C(F)F)cn4)n23)cc1,FC(F)Oc1ccc(-c2nnc3cncc(-c4ccc(C(F)F)cn4)n23)cc1,27.09206188178921
eosi_301,O=C(O)COc1ccc(-c2nnc3cncc(OCc4ccccc4C(F)(F)F)n23)cc1,O=C(O)COc1ccc(-c2nnc3cncc(OCc4ccccc4C(F)(F)F)n23)cc1,16.504437045209507
eosi_302,COC(COc1ccc2nnc(-c3ccc(OC(F)F)cc3)n2c1)c1ccc(OC(F)F)cc1,COC(COc1ccc2nnc(-c3ccc(OC(F)F)cc3)n2c1)c1ccc(OC(F)F)cc1,29.02046614656872
eosi_303,Fc1ccc(-c2ccc(COc3cncc4nnc(-c5ccc(OC(F)F)cc5)n34)cc2)nc1,Fc1ccc(-c2ccc(COc3cncc4nnc(-c5ccc(OC(F)F)cc5)n34)cc2)nc1,33.83393550126265
eosi_304,COC(COc1cncc2nnc(-c3ccc(OC(F)F)cc3)n12)c1ccc(OC(F)F)nc1,COC(COc1cncc2nnc(-c3ccc(OC(F)F)cc3)n12)c1ccc(OC(F)F)nc1,32.539039139951576
eosi_305,FC(F)COc1cncc2nnc(-c3ccc(OC(F)F)cc3)n12,FC(F)COc1cncc2nnc(-c3ccc(OC(F)F)cc3)n12,23.67932941037086
eosi_306,FC(F)Oc1ccc(-c2nnc3cncc(-n4cccn4)n23)cc1,FC(F)Oc1ccc(-c2nnc3cncc(-n4cccn4)n23)cc1,25.20008411229859
eosi_307,FC(F)Oc1ccc(-c2nnc3cncc(OCc4ccc(OC(F)F)cn4)n23)cc1,FC(F)Oc1ccc(-c2nnc3cncc(OCc4ccc(OC(F)F)cn4)n23)cc1,24.067042035003027
eosi_308,CC(C)OC(=O)Oc1ccc(-c2nnc3cncc(OCc4ccccc4)n23)cc1,CC(C)OC(=O)Oc1ccc(-c2nnc3cncc(OCc4ccccc4)n23)cc1,23.190931527429733
eosi_309,COC(=O)COc1ccc(-c2nnc3cncc(OCc4ccc(OC(F)F)cc4)n23)cc1,COC(=O)COc1ccc(-c2nnc3cncc(OCc4ccc(OC(F)F)cc4)n23)cc1,24.394077866961204
eosi_310,FC(F)Oc1ccc(-c2nnc3cncc(OC(F)F)n23)cc1,FC(F)Oc1ccc(-c2nnc3cncc(OC(F)F)n23)cc1,19.79270826054931
eosi_311,FC(F)Oc1ccc(OCc2cncc3nnc(-c4ccc(OC(F)F)cc4)n23)cc1,FC(F)Oc1ccc(OCc2cncc3nnc(-c4ccc(OC(F)F)cc4)n23)cc1,18.056698389124914
eosi_312,FC(F)Oc1ccc(COc2cncc3nnc(-c4ccccc4)n23)cc1,FC(F)Oc1ccc(COc2cncc3nnc(-c4ccccc4)n23)cc1,27.06194768489338
eosi_313,FC(F)Oc1ccc(-c2nnc3cncc(OCC4COCCO4)n23)cc1,FC(F)Oc1ccc(-c2nnc3cncc(OCC4COCCO4)n23)cc1,25.102047544039458
eosi_314,CC(C)OC(=O)c1cncc2nnc(-c3ccc(OC(F)F)cc3)n12,CC(C)OC(=O)c1cncc2nnc(-c3ccc(OC(F)F)cc3)n12,19.97177842428702
eosi_315,COC(COc1ccc(-c2nnc3cnc4ccncc4n23)cc1)c1ccc(OC(F)F)cc1,COC(COc1ccc(-c2nnc3cnc4ccncc4n23)cc1)c1ccc(OC(F)F)cc1,35.01362176562178
eosi_316,FC(F)Oc1ccc(COc2cncc3nnc(-c4ccc(OC(F)F)cc4)n23)cc1,FC(F)Oc1ccc(COc2cncc3nnc(-c4ccc(OC(F)F)cc4)n23)cc1,25.558886957132003
eosi_317,FOc1ccc(-c2nnc3cncc(OCc4ccccc4C(F)(F)F)n23)c(OC(F)F)c1,FOc1ccc(-c2nnc3cncc(OCc4ccccc4C(F)(F)F)n23)c(OC(F)F)c1,28.940127941790763
eosi_318,FC(F)Oc1ccc(-c2nnc3cncc(OCCOc4ccc(OC(F)F)cn4)n23)cc1,FC(F)Oc1ccc(-c2nnc3cncc(OCCOc4ccc(OC(F)F)cn4)n23)cc1,29.63848688565508
eosi_319,COC(COc1cncc2nnc(-c3ccc(OC(F)F)cc3)n12)c1ccccc1C(F)(F)F,COC(COc1cncc2nnc(-c3ccc(OC(F)F)cc3)n12)c1ccccc1C(F)(F)F,26.548601906769587
eosi_320,Fc1ccc(COc2cccc3nnc(-c4ccc(OC(F)F)cc4)n23)cc1,Fc1ccc(COc2cccc3nnc(-c4ccc(OC(F)F)cc4)n23)cc1,19.904018808768363
eosi_321,COC(COc1cncc2nnc(-c3ccc(OC(F)F)cc3)n12)c1ccc(F)cc1,COC(COc1cncc2nnc(-c3ccc(OC(F)F)cc3)n12)c1ccc(F)cc1,29.815066530705266
eosi_322,COc1ccc(-c2nnc3cncc(OCC(O)COc4ccc(OC(F)F)cc4)n23)cc1,COc1ccc(-c2nnc3cncc(OCC(O)COc4ccc(OC(F)F)cc4)n23)cc1,21.42444517046983
eosi_323,FC(F)Oc1ccc(-c2nnc3cncc(OCc4ccccc4C(F)(F)F)n23)cc1,FC(F)Oc1ccc(-c2nnc3cncc(OCc4ccccc4C(F)(F)F)n23)cc1,30.09465681378433
eosi_324,FC(F)Oc1ccc(-c2nnc3cncc(OC4CCOCC4)n23)cc1,FC(F)Oc1ccc(-c2nnc3cncc(OC4CCOCC4)n23)cc1,27.233364092960873
eosi_325,FC(F)Oc1ccc(-c2nnc3cncc(OCC4CC4c4ccc(OC(F)F)cc4)n23)cc1,FC(F)Oc1ccc(-c2nnc3cncc(OCC4CC4c4ccc(OC(F)F)cc4)n23)cc1,25.589881781620885
eosi_326,COC(=O)COc1ccc(-c2cncc3nnc(-c4ccc(OC(F)F)cc4)n23)cc1,COC(=O)COc1ccc(-c2cncc3nnc(-c4ccc(OC(F)F)cc4)n23)cc1,23.73981068252304
eosi_327,Fc1ccc(COc2cncc3nnc(-c4ccc(OC(F)F)cc4)n23)cc1C(F)F,Fc1ccc(COc2cncc3nnc(-c4ccc(OC(F)F)cc4)n23)cc1C(F)F,29.069349254240993
eosi_328,O=C(CCc1cncc2nnc(-c3ccc(OC(F)F)cc3)n12)Nc1ccc(OC(F)F)cc1,O=C(CCc1cncc2nnc(-c3ccc(OC(F)F)cc3)n12)Nc1ccc(OC(F)F)cc1,22.535135892425224
